i feel blessed harper hasnt come down with anything worse but i know its only a matter of time,love
i thought it would be a good time to check in on weasel nation to see how they were feeling about their donut loving coach and their floundering football team,love
i feel angered by this,anger
i will review the film after this blog entry but for now as i have david sitting here in my garden feeling slightly smug after just discovering his film had been shortlisted for best film out of entries,joy
i was a bit too nervous to focus on the faces and the feeling was not unpleasant i wanted to put in a joke to start with especially since it involved the key note speaker and i thought it was funny,sadness
id tell him that i feel that to cede control of our lives is the only way to prevent doomnation extremely clever play on damnation i know,joy
i think i m still feeling tender,love
i feel useless and helpless and broken,sadness
i do buy synthetic pearls when i feel the need to and i use these for some of my more elegant jewelry and trinkets,joy
i feel like im being naughty coming home on a tuesday morning,love
i hope that today you too may get into something that makes you feel fiercely passionate,love
i love him but i feel threatened with him around a little,fear
i can t tell you how awful that comment made me feel its not supportive it s condescending,love
i feel a worthless maid,sadness
i lived off lemon bars for a few weeks and then this weekend ate and ate and ate and it was all horrible food and now i feel and look and am horrible,sadness
i love my job and know that the surgeries were doing are emergencies i always feel resentful especially when it is am and i was sleeping,anger
i was failing to perform my expected duties and worrying about things i may have forgotten yesterday when i was starting to feel rather crappy,sadness
i cant help but feel that youll just break me again and that you might not be as faithful as you seem,love
i kind of feel lame but still dont regret coming,sadness
im feeling bouncy enough and if i can rustle up some people keen to go with me,joy
i would come home and pour a glass of wine sulk in my feelings until the sweet rest of intoxication took over and sleep pulls me into her bosom,love
i am feeling confident to pursue multiplayer flash games next on my agenda,joy
i think im just being stupid feeling nervous,fear
i am feeling so morose right now i hate how little things like this have enough power to distract me from my day to day life,sadness
i feel shitty as fuck,sadness
im a little concerned that ill look up one day and all the leaves will be on the ground and ill feel like i missed it,sadness
i feel that being faithful isnt enough in your eyes,love
i feel so doomed for my botany lec finals later,sadness
i still feel brave when i walk into the saudi perfume scented terminal at dulles where my flight will leave from in an hour,joy
im happy to have this in my kitchen but it feels like someone rushed this out and cut corners,anger
i feel that i can answer in a completely un sarcastic way,anger
i feel horny tonight a href http www,love
i feel charmed to see my harder plan and adherence appear to accomplishment now and in august if we will attempt for an olympic medal,joy
i feel lethargic unmotivated needy and frustrated,sadness
i feel like i cant be brave,joy
ive had so much more energy no more slugging around feeling lethargic after massive takeaways and choccy binges and my skin started to clear up instantly,sadness
im feeling the moxie fab love cath script src http www,joy
i really like in choir the people who i feel are really friends in choir who are sincere to me are not going for the trip and i feel really lost,joy
i am feeling the need to consolidate to step back and re evaluate the purpose of this blog other than providing a fabulous vicarious life for yall to live through my sarcasm does not always come across in print,joy
i was feeling so regretful i didnt get it the other time,sadness
ive been feeling jealous lately of bloggers going off to author readings and book si,anger
i start to feel myself become irritated when conversing with him,anger
i not seeing and feeling the divine,joy
i feel so excited about it,joy
i could still feel all romantic ish,love
i remember sitting in class actually feeling eager to learn a amp p,joy
i felt that connection that i need to feel in order to love a movie and as jo march once said i gave myself up to it longing for transformation,love
i was feeling a bit disheartened until one of our black belt instructors at the dojo richard and i own asked why let anyone else set your destiny,sadness
i was feeling frustrated,anger
i honestly feel we did a fantastic job,joy
i feel loyal to a href http www,love
i just feel its more romantic when these characters do not jump on each other on the first opportunity they get,love
im feeling peaceful and im happy that i dont have to do anymore scabi im in verona my final week,joy
i feel such a longing to be near him when we dont,love
i glimpse at his clarity when he takes the reigns i can feel the calm,joy
i do i really do think i have some justification for feeling smug,joy
i feel we are being very blessed,love
i was sipping my diet coke watching my the swimming lessons and feeling aggravated that my mousekins were not being better listeners the thought crossed my mind,anger
i sometimes feel like an artistic redcoat,joy
i feel like hes sure of it,joy
i instantly feel rejected,sadness
i didnt feel especially nervous in finland but when we landed in paris i was a little unsure about what would be ahead of us thought st grade student janne suominen,fear
i feel rude for ignoring your plea for help and its all your fault,anger
i was feeling very keen to get out of the camp site before they realised i had been given the best gift of all free accommodation and free services,joy
i feel really wronged in fact what hu jia did is good for society,anger
i feel im being violent is i say no im not going to accept that and here are the consequences,anger
i must have been feeling rich,joy
i don t feel the issue is resolved,joy
i feel like i cant take it anymore i told my boyfriend and he is furious,anger
i was feeling energetic and strong,joy
i feel terrific and i m starting to put weight on,joy
i can be as kind as an angel but sometimes i can also be as mean as a devil i used to use harsh words when i feel irritated,anger
i feel so gloomy this independence day,sadness
i need to take my own advice and the advice of many many writers who i admire get the butt in the chair every day even if youre feeling distracted or stressed or whatever,anger
i strongly feel that at this point in my life i am no longer desiring to walk this path that i am on and to be truthful i have no clue as to where i am going with my life from here,joy
i feel a bit shamed but here it is dr,sadness
i feel about being naughty for breast cancer awareness,love
i hope that one day i feel some sort of divine inspiration and motivation and that these fasts will come easy for me but for now they are on my back burner something i hope to focus on after i am done having and raising children,joy
i do not believe all media content is bad in fact much of it i feel is absolutly vital to human flourishing,joy
i really enjoyed using these products the cleanse and polish made my skin feel so lovely and soft,love
i feel privileged to belong to you,joy
i feel like i am in paradise kissing those sweet lips make me feel like i dive into a magical world of love,love
i feel angry thinking how much the government has gulped away over money,anger
i feel troubled i guess would be the best word for it,sadness
i feel like we should write a book on all of this because we are loving researching it and it is so good,love
i didn t consider that she maybe had difficulty in feeling accepted into a certain group of people and she was afraid of being rejected,love
i could feel the frantic need in him the need to make me his,fear
i felt such a resonance with your words i feel so ashamed that my feelings seem to have gotten the better of me,sadness
i am left tonight feeling so hopeful for the future of the orphan crisis in this country,joy
i just feel so irritable which i guess is a classic symptom of depression,anger
i hate these feelings of not being complacent,joy
i continue to spend hrs into not feeling envious can i really do it,anger
i can feel all supportive and jrock ish in school tommorrow,love
im still waiting for my new fairy lights to be delivered but i couldnt wait to get the tree up and make the house feel a little more festive,joy
i cant stop the joyful tears from flowing as i feel this sweet baby moving,love
i suppose a couple days of not feeling so hot is better than whooping cough the visit went really well,love
i wont vote this year just to feel naughty and inflammatory,love
i understand now feel what my beloved meant when he said i wish there had never been anyone but you,love
i am living a joyful life and i feel this divine beings as part of my daily life,joy
i feel so regretful for things i cannot remember because i was so drunk,sadness
i feel simultaneously superior and inferior to each other writer and i wish i could take back some off the things i said,joy
i feel more happiness and are more peaceful,joy
i feel quite naughty but the,love
i feel so lucky to be nominated for the liebster award,joy
i must say i did feel something very special being there,joy
i feel it breeds loneliness and discontent and then we were onto the economy and recession and how stressful money and unemployment can be for people then she wanted to know what caused the recession and then the topic came to divorce,sadness
i feel delicious absolutely darling and delicious,joy
i feel very numb at the moment,sadness
i feel rewarded and useful and valuable anyway,joy
i can see changes on my legs they have slimmed down a bit but i feel a little disheartened that its not that visible,sadness
i feel like you re important to me,joy
i worked as an editor and part of my job was to reject manuscripts i hated it because in those cover letters i could feel the writer s anticipation and longing,love
i left that appointment feeling really bummed that the option of a vbac had been snatched from me but also sort of content with the fact that i had prayed for and possibly received a sign of gods will for this birth,joy
im really feeling good,joy
i wonder sometimes whether i have just added to the antagonism and misunderstanding that many people have towards those of us who feel reluctant to wholeheartedly support the traditional armistice day remembrances,fear
i hang out i leave feeling energized and happy,joy
i like to read this when i am feeling inadequate i know mistakes happen and sometimes they are the perfect mistake,sadness
i haul of each to the lava planet and export them down to the space port feeling fairly clever,joy
i feel your motivation will be satisfied when you read this write up also who understands,joy
i don t feel like myself when i am studying probably because i am not studying anything i am passionate about,love
i also feel very nostalgic about all these highschool memories,love
i feel guilty to my family my friends who made the introduction for me to that job and somehow i even feel guilty to my boss even though he fooled and lied to me,sadness
i must admit no matter how early i start playing christmas music and doing my holiday shopping the tree makes everything feel so much more holly and jolly,joy
i feel content with it all,joy
i am feeling a combination of smug and happy,joy
i feel that perfume ought to last all day long and never having to reapply which is certainly not the case with dorothy jessica parker s lovely,love
im feeling bitchy as hell tonight,anger
i hope she s feeling ok,joy
i feel defective or something,sadness
i do however feel a lot more isolated and distant to many of those i call friends,sadness
im feeling aggravated listening to phoenix lost and found,anger
im not even talking about the clammy feeling of those lovely hot flashes not at all,love
i was a smoker for years and quit weeks ago right after i finished your book and i cant believe how free i feel i knew that i had to quit but i was terrified of my life without cigarettes,fear
i definitely recommend this for anyone who is feeling depressed or anxious,sadness
i sure feel sorry for what happened to your friend diego he was your friend right,sadness
i feel almost angry that i have been fed like a lab rat for so many years,anger
im feeling im caring im healing im sharing amp a supportive bonding nurturing primary care giver,love
i do feel jaded very often,sadness
i can feel myself getting triggered by my emotional eating when i am sick with either a cold virus or just plain old stomach flu,sadness
i just feel terrified like im on the edge of a precipice staring ahead,fear
when people harrass me i feel oppressed by their behavior,anger
i do when i feel guilty a href http douevenlift,sadness
i figured i have to blog about what i feel passionate about or im not doing myself or this blog any justice,love
i was feeling hopeful around the time i took it,joy
i came to the place on base because i wasnt feeling like i should wander too far afield but now i wish i had been more adventurous as i have heard wonderful things about those salons,joy
i have had several new members tell me how comfortable they feel with how accepted they are by the existing members and that is great to hear,love
i feel fine which is good enough on a sunday evening,joy
i feel for the tender teenager who i fear may have developed a life long aversion to pie but i confess i tip my hat to julie s grandmother,love
ive collected as i feel its vital to create something precious from those items as a tribute to the earth and its power generosity,joy
i can never fall in love with anyone because my feelings make me too dangerous,anger
i always feel like im the least liked,love
ive made my feelings about people who are still supporting the gop in this election cycle a href http drinky lemur,love
i really feel like writing about or supporting their product in the payperpost marketplace,love
i didnt feel discouraged or depressed though there are always challenges to be sure,sadness
i just feel so fucked up these days,anger
i feel that there is a clever caption in the making here but im not quite feeling well enough to provide one myself,joy
i pretty much get a feeling that i am not liked at all by them,love
i dont know what crazy girl i think her name was katja does for a living i feel like she should just do what i do in real life and be some sort of disheartened disallusioned clerk,sadness
im over having this feeling of doubt because i know that when he goes to his friends house there are a bunch of slutty chicks there,love
i did not sleep better my food did not taste better my thoughts were not clearer i did not feel more vigorous i was in essence pounds of body and mind almost exclusively devoted to thinking about the cigarette i wanted but could not have,joy
i love to add just a little milk and when i m feeling especially naughty a splash of caramel and vanilla syrup but shhh,love
i was feeling melancholy on a cloudy rainy lonely easter sunday,sadness
i feel like i am alone in this world other days i feel like i am surrounded or being closed in on and just want to be alone,sadness
i will usually tell him that i was feeling frustrated for whatever reason and ask him to help me fix it,anger
i feel violent or something today,anger
i look forward to when i am feeling better and can write more often,joy
im not convinced that it all makes since because the talking never feels sincere in its execution and maybe the themes in life seem to large to ever fathom but what s the point when it already feels like an emotionless pit of self craving attention,joy
i feel useless standing on the sidelines like a wet lettuce while someone does something i am quite capable of,sadness
i dont know if it was because i almost got a feeling that he actually might like me or if it was because i got the feeling that he liked olivia,love
i feel im being hated,sadness
i feel a little isolated being in my house all the time,sadness
i have been in my mm comfort zone for too long and i feel the need to get a bit more creative with my composition,joy
i think if a poem doesn t put pressure on me i don t feel uncomfortable in the sense of feeling more than i can feel understanding more than i can understand loving more than i am able to be in love,fear
i cant shake the feeling that i wouldnt have liked this book if i hadnt already felt a connection to these characters,love
i just feel really lame,sadness
i still feel like im getting away with something naughty,love
i feel so bitchy suddenly,anger
i was able to guess or pick up on a lot of the plot twists in this episode from the first hints we were given and whether thats moffat using really obvious foreshadowing or me having a solid grasp of his narrative logic im not sure but i like it it both builds suspense and makes me feel clever,joy
i feel so much love for him and he is so supportive,love
im feeling generous today oh man all of my fave clothing items are going to be widely known after this i am going to list a few other womens clothing sites that nearly my entire closet lives off,love
i feel a little naughty whenever i wear such a colour combo,love
i am also feeling awful,sadness
im thankful to work in a place where i can feel comfortable and supported,joy
i feel like i m in a band that broke up without telling me and now i am fighting to keep everyone together even though they want no part in it,sadness
i don t want you to feel left out o faithful reader i love you too,love
i feel like that leaves me as the artistic equivalent of the crack between couch cushions,joy
i feel now so uncomfortable with all of them i guess is me,fear
im feeling unimportant or sorry for myself not at all,sadness
i am reliving all of the feelings of being rejected less than and not good enough from years ago,sadness
i felt a little bit of cramping and the same feelings i had been feeling for weeks so was not bothered by it,anger
im feeling a bit out of my depth with my colouring skills amongst all this talent though so please be gentle with me,love
i couldnt help but feel totally distraught and utterly helpless when lorena was kidnapped and tortured almost to death by a band of enemies i was desperate for her freedom,fear
i am feeling a little stressed but seriously i have no one or nothing to blame but myself,anger
i use to never ever kiss anyone but i ve kissed different people in the last week and a half and needless to say im feeling a but slutty,love
i was already feeling burdened to write write write,sadness
i feel gracious what about you,love
i am already feeling frantic,fear
i have been feeling really creative and have been trying out new things,joy
i don t think i could feel more idiotic if i tried,sadness
i often feel that i m being submissive by not being open and honest about my desires and needs on a regular basis,sadness
i shared with a trusted friend how i am feeling towards another respected friend,joy
i were honest i could admit to those feelings from time to time but as jonah knows god is gracious and lucky for jonah and me god is still gracious gracious to people like us,love
i liked my keyboard being kicked in my teeth and feeling lousy about myself as a writer but because i want to know how i can improve and wonder what i did wrong to earn only one star,sadness
i say no i feel guilty begins by giving you the reasons for and benefits of being assertive without being aggressive,sadness
i hear the word and i feel stronger and re assured once again,joy
i feel like hed think that was pretty cool because i certainly do,joy
i feel so selfish but i just want to keep my baby close for awhile and not let the rest of the world in unless i feel like it,anger
i feel awful that these thoughts are running around in my head but i can t help it,sadness
i get through it pretty quickly but it just makes me feel like im not being respected,joy
i feel my lip curl up into a half smile amused at the way he s put it,joy
ive been having breakdowns again ive been feeling depressed and for the three four days i was sticking to my old sleeping pattern i was feeling pretty great not the best but better than normal,sadness
i close my eyes for a moment just to let myself feel the gentle warmth of his hands overlapping mine guiding me,love
i use emoticons because it would be awkward writing i am feeling amused by what you are writing right now as opposed to xd,joy
i feel strangely sympathetic towards the citizens of the capitol for some reason and the cast s overall chemistry was good the look and feel of the movie was great and i found the story to be engaging and interesting enough to be watchable,love
i understand the logic of having a student congress but i cant help but feel thats its really really really boring,sadness
i should give as charity only what i feel is valuable to the person receiving it,joy
i see myself starting to feel the emotional dependence on my parents i stop and breathe,sadness
im feeling nostalgic about listening to this kind of music again,love
i feel really petty at the moment because i am extremely angry because im broke at the moment and it sort of pisses me off,anger
i feel this gentle desire to treat my body differently like a pregnant woman whose in the process of giving birth to her new self,love
i feel a sort of sweet relief when i look around and realize that or house looks like a home not a radio shack and that makes me happy,love
i wished i could feel more energetic and deal with less pain but it might be my best option,joy
i havent known sue anything like as long as bloater and lisa but i feel like i have you know one of those people you meet and you just click with you can have grumpy old people conversations straight away with them but then roll around laughing the next minute well thats sue,anger
i never have it feels insincere and a little nosy you get a hint that something might be wrong and want to jump in and get all the details,anger
im feeling kinda horny so i just booked a flight from burbank to los angeles,love
i feel my sweet boy traveling this difficult road alongside me,love
i feel insulted by this technique which is also proven to be one of the worst for educating because i already read the slide faster than he was able to speak,anger
i like the feel of the game but im not very fond of the color scheme,love
i feel about one of my most beloved songs of all time,love
i feel that he was being overshadowed by the supporting characters,love
i learned in month of us manage to find another company and feel much peaceful without a boss who drunk and yell to his staffs,joy
i still am not able to remember a single dull moment a detail that pissed me off a thing i didnt feel comfortable about,joy
i live out number two definition which is that i have already had trouble engaging in the evening so now i am feeling as if the reason the aim for which i did this was not achieved and i am now unsuccessful,sadness
ive been feeling far from perfect in the area of motherhood,joy
i still pretty much feel ashamed and i m certain i m disappointed in my weaknesses i know for fact i am angry and upset and that s just for one situation,sadness
i always forgive and am still feeling hurt,sadness
i feel that the most caring member will leave a gigantic hole which most likely fukumura mizuki will fill in eventually,love
fear of thief,fear
i just feel that the roster looks messy with characters on there from to new members it might look as though we cant be bothered to housekeep it and there is a risk albeit very small that we might get an ebayed toon turning up in guild on an old members toon,sadness
i worked out monday and tuesday but i was feeling so crappy on wednesday that i went home and decided to make it a rest day,sadness
i feel disgusted at him and at myself for having been with him and continuing to be something he wants in his life,anger
i feel very lonely but thats alright nothing a little tv or music cant fix,sadness
im shocked i feel my own little problems put into perspective and i feel heartache for the innocent lives that have been ended,joy
i feel very loyal to it and i like doing it for as long as they want to do it and as long as we all want to do it,love
i mean obviously yes i did a hour round trip to perform for minutes and had a seriously dodgy chinese meal which has left me feeling decidedly delicate but overall i really enjoyed myself,love
i still dont feel like finishing typing about it but i just know my legions and legions of loyal readers have been clamouring for the exicting conclusion to my disney vacation,love
i feel some sort of treachery towards beloved if i do go out and fuck someone,love
i sighed feeling like she was doomed to fail at this sort of thing,sadness
i spent the following months in a drug induced haze incapable of thought or feeling but it wasn t anything as glamorous,joy
i did feel a bit like i was being mircowaved which wasnt an entirely pleasant feeling,joy
i feel lousy and seem to have a frown i remember all the funny times and you just turn it upside down,sadness
i can admit that even though i feel horrible now,sadness
ive posted a blog and i feel like thats unfortunate,sadness
i had been feeling which was longing to be able to put my comfy amp forgiving yoga pants on at the end of the work day,love
ive been hiding my eyes between tight hands raising my arms shouting and cursing and feeling passionate,love
i feel like other books i pick up are going to be dull and boring in comparison,sadness
i set out on foot i feel comparatively strong light and free,joy
i love the foamy feel it is so gentle on the skin doesnt sting or irritate whatsoever,love
i feel at this point i have to give some credit to my beloved former teacher ajahn brahmavamso as well as all other little and big gurus and lovers i had in my life,love
there was joy in me when i heard that i was to take a course as a medical assistant,joy
i am not feeling too super,joy
i had stated to her the reason i feel so fearful is because i feel unsafe,fear
i specifically wanted tango was feeling shy and maks quite the opposite hard to get far enough away from him to get good pics lol,fear
i feel like im supporting a community that i love with each purchase,love
i feel derp and innocent because we go there by lrt or the train it was always packed the last time i rode it was like years ago,joy
im feeling slightly optimistic,joy
i feel strange coming back to work after my one day holiday,fear
i feel special now its just fun to say lol amvassago of the i just cant stop laughing when ever i read something and then i see beefy amkris toshibalol amits an epic word so is beef cake amvassago of the nooo,joy
i didn t feel like getting shaken down by the tsa quite yet so i pulled off to the side at creative croissants for a lunch,fear
i was to her in fact so i m taking that as she feels regretful for what she has done,sadness
i find that despite the fact that i feel like i really liked this book i certainly read through the entire thing like i had a physical need to find out what happens next i cant think of anything to say about it,love
i feel sorry for john boehner his copious tears running over and blurring his spray tanned face until its the same color as his nicotine stained fingers all the while eric cantor is waiting to push him out of the speakership,sadness
i feel honoured and humbled cos hes a legend and one i still look up to,joy
i don t always feel joyful and i quite often throw prayer out the window,joy
ive heard stories about julie baileys treatment before now but this is the first time i seen anything in print and it makes me feel deeply ashamed that someone who stood up neglected nhs patients and their families can become so isolated in her own community,sadness
i sat on a windy beach feeling thoroughly annoyed i vowed id be back and i would climb scafell,anger
i feel so strongly and passionate about so hearing that just made my heart sink,joy
i feel as though i am living on an island as i put the delicious moisturiser on a sample which is lasting a very very long time used twice a day and the rest of the products are so gentle yet cleansing and moisturising,joy
i feel it would not be loving of me not warn you about the impending social crises facing montana,love
i feel vulnerable and alone,fear
im glad i feel this way because if i didnt then id know that i had finally hit that point of not caring about anyone or anything,love
i think about the woman in the congregation who cried as she spoke about the family trying to find a church where her homosexual daughter would feel accepted,love
i didn t like the first book should have stayed with my gut feeling on that one liked the second book pretty well third book was a little better and i hated the last book,love
i once told my friends that i feel like doing some sort of backpacking but instead of supporting me with this idea all i got from them were raised eye brows and some sarcastic remarks,joy
ive gone through stages of nervousness and sheer terror but now i am feeling relaxed and excited,joy
i was afraid to clean nicos ears but after his doctor showed me how then i didnt feel like i could hurt him,sadness
i am feeling exceptionally reluctant to go to school tomorrow even though its monday and the timetable is pretty good,fear
i am no expert in nutrition and diet planning i eat to feel strong and keep my energy level up,joy
i feel like a faithful servant,love
i feel kind of talented right now lol hmmm,joy
i don t feel all that romantic,love
i bought this one a couple years ago and it makes you feel a little glamorous,joy
i have just good news to share and it feels so amazing just being able to sit here and feel relief and sunshine,joy
i feel for you despite the bitterness and longing,love
i feel grouchy or short tempered then the guilt kicks in,anger
i feel without being disturbed by it,sadness
i grappled with was guilt that relatives and friends who usually communicate with me there would feel like i was ignoring them and i felt selfish still posting my burlesque and blog updates there without liking their photos and links,anger
i may not have been posting actively but fortunately i keep a camera pen and notebook where ever i go so whenever i feel very passionate about something i write or take many photos,love
i seek out a rejected love because i feel as though i dont deserve faithful and monogamous love,love
i feel when i just out from my dorm and began to breath a pleased liberty,joy
i went to registration passed an uneventful five minutes feeling deeply amused,joy
im feeling a little tender and mashed today and im doing my best,love
i even get jealous when my bf speaks to his best friend who is a girl and also friend of mine but i listen and understand their friendship because my trust towards my bf is higher than me feeling jealous,anger
im contemplating and feeling skeptical,fear
i still feel vulnerable around him,fear
i just really want this healthy life style to become a habit instead of a necessity because at the moment i feel like a naughty child being denied the biscuit tin and angry for letting myself put weight on in the first place,love
i think it was what was making me feel weepy,sadness
i feel fine now but it was pretty rough running for hours and minutes straight,joy
i feel times less bitchy,anger
i recommend bacon for dinner if you want to feel like youre doing something naughty,love
i am by no means complete spiritually or intellectually and believe you never should be however i find myself sometimes looking on others with a knowledge and sense of feeling superior in feeling that i am further along my journey than them,joy
i feel radiant this morning,joy
im so relieved and feel so much more like myself now that this is resolved this being almost nothing at all actually just some weird energy and i cant wait to be back at camp even though ill be hacking and coughing and spluttering all day long,joy
i feel devastated that this occured but it was for a good cause hopefully no more dogs run around acting like that so they too dont get shot down,sadness
i sin against him and am filthy before him and yet i only feel his gentle love beckon me back into his arms and feel his righteousness rush over me,love
i got to walk in the rain and feel triumphant over nature in my rain boots and pink rain coat,joy
i feel like this little innocent helpless person needs me and i guess i like to be needed,joy
i feel there is going to be a sequel and i would have liked to have had the closure of this book ending,love
i saw nothing on the dining room table had moved i think im starting to feel its safe to come out again,joy
i feel people just don t know how to fish them properly and therefore are not as popular as they should be,joy
i guess i feel kinda loyal to them since i ultimately plan on jumping ship in mid to late september to escape from california,love
i think she apologizes for a little too much stuff that s not in her control i get the feeling she was sincere about this one,joy
i am nauseous and dizzy and feel all gloomy or at least not attached to my body anymore,sadness
i feel much more energetic generally im sleeping better and so is my wife,joy
i am in a place where i feel hopeful of finally getting a job at another warehouse distributors like where i did work but the products are floral instead of stationary accessories art bags and such,joy
i feel the need to work on caring,love
im re reading that sentence and feeling foolish,sadness
i told him that maybe i just need time to think how ive been feeling indecisive about things lately,fear
i often feel that working in it is like being a hopefully benevolent goliath that is often undone by the humblest of davids,joy
i have a feeling its going to be a little sweet for my tastes,love
i feel like i get easily distracted in making things and switch around to many different projects throughout a week,anger
i found myself in the novel position of feeling a bit uncertain about the stock market rally,fear
i feel loyal to skirtsports,love
ive been waiting to get some time alone for quite a few weeks now and when i finally get it im feeling a bit homesick,sadness
i used to feel from your music is now gone and it has been replaced by a bitter taste in my mouth and a lot of sadness,anger
im feeling uber romantic and lovey dovey this week,love
i think i am still feeling a little groggy from that,sadness
i inquire incheswhyinches are people relocating droves about what they feel is security in precious metal,joy
i feel hot irritated and tired,love
i heard that he still has feelings for me i make him horny and i believe he even made mention of hooking up but it wouldn t be fair to insert her here,love
i ahem guess i havent been feeling compassionate,love
i also like to knit but dont do it as intensely as when i was nowadays i mostly knit socks which gives me the feeling that watching tv isnt that useless because i can knit while watching a film or series,sadness
i feel safe to leave my house in the morning,joy
i also loved that you could really feel the desperation in these sequences and i especially liked the emotion between knight and squire as theyve been together in a similar fashion to batman and robin for a long time now,love
i try to come up with ideas that i feel are clever to keep the my pieces fun to make and interesting to look at,joy
i want their birthmoms to feel confident that they made the right decision,joy
i was feeling quite impatient and must have hit the ad because thats when my internet died and vista virus pro started to bother me,anger
i do not feel rejected anymore for i decide what my value is,sadness
i miss our talks our cuddling our kissing and the feelings that you can only share with your beloved,love
i felt rich being able to insist on paying more than the asking price the shop assistant was obviously pleased at being able to boost the takings for the charity and i hope the generous person who donated the easel to the shop is also feeling rich,joy
i feel caring in telling you this is because to maintain a healthy weight you have to learn to not overeat on your stressful days which tend to be most days,love
i feel a lot of pressure but i am determined to finish them so that i can visit my sister in may with a clear conscience,joy
i feel like its not worth trusting him,joy
i feel wholly and completely loved well most days,love
i might feel a bit proud if i had one on my left wrist as this is a turbillion watch made in hong kong,joy
i feel discouraged why should the shadows come why should my heart be lonely and long for heaven heaven and home when when jesus is my portion my constant friend is he oh his eye is on the sparrow and i know he watches watches it over me,sadness
i have been out there over the last few weeks i experienced for the first time a feeling of loving the actual act of running of pushing my daughter in the jogger of getting outsprinted by my wife although this would happen if i was in top shape anyway of having cold air nail you in the face,love
i feel i had benefited more from last year s creative futures but could this be in part that the information i had learnt last year i was already putting into practice and therefore this year s sessions were what i was already doing rather than inspiring me to start,joy
i spent all day the other day feeling very morose because every once in awhile it would hit me that hilmari is dead,sadness
id probably go with none on and hope that my date admires a confident girl who feels fine without makeup,joy
i feel like that i should be loyal to microsoft for the rest of my life now,love
i know i won t last long being ambulatory i feel it even though i try to be as positive as i possibly can,joy
i can feel the cold of winter,anger
i press play and yeah i watch my movie about five times in a row right then and there i feel satisfied and cant wait to share what i made with my friends,joy
i sincerely feel will benefit any relationship whether it is romantic family work or socially oriented,love
i am reading something the saints have written i feel a real pang of sweet pain for the love they have for our lord,love
i do do what i do it always feels worthwhile as soon as i step foot in that stadium wherever it might be in the world i feel at home,joy
i cant help but feel that i need to be delicate,love
i am pleased and a little disturbed i guess that these feelings of melancholy lead me right back to the thing that brings them on,sadness
i still dont know what to make of it all but somehow i feel even more assured that what i teach works,joy
i feel badly about reneging on my commitment to bring donuts to the faithful at holy family catholic church in columbus ohio,love
i feel really joyful img src http s,joy
i feel all slutty for some reason oh wait i know ive had like guys talk to me about sex and stuff one guy dave was like,love
i first got my eye infection i have to back up and if possible make you feel less sympathetic for me than you probably already do,love
i feel more jaded,sadness
i feel so enraged that i want to punch him but i don t because he s only years old,anger
i have been taking alot of xanax lately and mixing meds together to feel mellow enough to deal with the world,joy
i got the guinea pigs when i lived in a tiny flat in london and was feeling pretty depressed about life,sadness
i am feeling remotely dignified tasteful or comfortable,joy
im just feeling that dating is an important part of growing up,joy
i know have no problem meeting new people and feeling accepted,love
i go into work when im feeling low ill only feel worse all or nothing thinking e,sadness
i can feel it and look with eager anticipation for what is to come,joy
i have a feeling this will be a lovely little thing of a perfume,love
im really excited for her birthday but feeling super nostalgic about it,joy
i feel like i just dont have it in me to keep loving him and he deals me a card and it says mercy,love
i had gone to the cumberland earlier that week so had met a few of n amp h friends prior to the weekend which was really lovely as since moving away i feel there are so many wonderful people i don t know,joy
i feel so blessed now that i think something tragic is going to happen to me in the future huhuhu see i m still battling that thinking positive thing,joy
i come home i am usually feel drained and exhausted,sadness
i have a feeling my mom wont be so keen on that idea,joy
i feel this is doubtful,fear
ive been feeling much more confident,joy
i mean it was the same feeling i got around anthony and his dog weewee i know anthony probably has to give weewee up because he has dogs but that dog is devoted to anthony alone,love
i was feeling for the horses cooped up and determined if we got even a little stretch of weather i was going to see that each and every horse got a chance to get outside,joy
i feel pretty officer krupke and somewhere,joy
i feel content alive and motivated,joy
i see how strong and bright you are and as you meet your milestones weeks early i feel assured that my gut was always right,joy
i feel honored to even be mentioned in the same sentence as derek,joy
i start feeling resentful or overwhelmed it s a sure sign that i need mothering,anger
i want to feel your sweet embrace but dont take that paper bag off your face i love your smile face and eyes damn im good at telling lies,joy
ive worked plenty of them and have yet to find one that leaves me feeling satisfied with the way ive spent another day that i will never get back,joy
i feel free exhilarated,joy
i can still remember what it was like to be a teenager and that giddy feeling of amazement when the hot looking boy you like although we didn t use the term hot back then actually likes you back,love
i miller production dialog new media feeling generous,love
i chose to go with my gut feeling i think this only amused laetshi further if i d been the easily flustered type he d have probably said something,joy
i know a lot of councillors who do not feel they get a sympathetic hearing from their local newspapers,love
i feel lovely inside,love
ive been trying to tell you how i feelbut was never very smart,joy
id always been proud of where im coming from but now sometimes i feel im too dorky boring hipster in the wrong way awkward and then i wonder why dont people feel close to me,sadness
i am not a vegetarian and probably never will but i am feeling increasingly sympathetic towards those who are and towards the animals being slaughtered for our benefits,love
im now feeling a little more resolved to get my shit done too,joy
i of britain so were louis xvi and marie antoinette but i think perhaps i feel the loss of russia more because it was so violent it was the entire family and because it was so comparatively recent,anger
i was feeling even less splendid and had nothing that needed to be done all day so i decided to baby myself,joy
im feeling a little saddened and troubled too sorry for a couple of friends who i wish i could give big hugs to,sadness
i definitely feel like those are tender mercies from heavenly father,love
im feeling nostalgic cant beat the corys iframe allowfullscreen allowfullscreen frameborder height src http www,love
i am sharing information that i feel is important to personal safety and empowerment parenting and living well,joy
i started feeling my back aching especially the lower back,sadness
i am feeling so festive right now and not just because this was the lovely wintry scene when i walked the dog the other day a href http,joy
i am feeling sorry for myself because someone made fun of my outfit,sadness
i read too much about discovery and exploration in the wild west and while i feel that those concepts are precious taking part in them often myself this book just brings a refined feel when i sit back in the chair for some quiet time,joy
i can eat but allow myself one naughty item of my choice to avoid feeling deprived,sadness
i feel sympathetic to them its hard to lose that third place,love
a study visit to a chicken factory the butchery,anger
i suppose he feels badly because he was a bit skeptical of her pain over the last few months shes had a hyperchondria and exaggeration habit in the past though he never openly questioned her about it,fear
i must tell you that i have been doing much more yoga lately and i feel all lovely and loose in my joints and muscles,love
i think real men are those that open doors for you who behave chivalrously like walking on the sidewalk closest to the street to keep you safe who hold your hand and make you feel like you are treasured,love
i feel like ive been running around without any sense of direction or longing of purpose or life goals,love
i dream i feel like i am finally not burdened by all of the things that i feel just crushing me when im awake,sadness
i cant find it and yet i feel that i am longing for something,love
i want to be in the future years some of you made me feel amazing and some of you are the best friends i could ever ask for,joy
i feels acceptable even desirable,joy
i try to stay with my feelings caring for them meditating with them dancing with them and sometimes writing about them,love
im currently trying to implement these changes into my life and i already feel more valuable to myself and my business to my family and to myself,joy
i nodded proud of my decision to procure a pump feeling slightly smug,joy
i am feeling confident that i will be able to get to the back door before dinner time,joy
i said quietly too tired to feel anguished anything but resigned,sadness
im getting the feeling that my classes are a little intimidated by the concept of a lit,fear
i could soon feel quite rejected,sadness
i feel that the students in this classroom are very hostile towards any display of intellect just like the rest of society,anger
i remember the day i was on the phone with my be fri shannon telling her how i cried because i was feeling truly happy again,joy
i was not wrong to feel angry but i was wrong for what i said,anger
i can however tell you that it will hurt you will be humiliated and you will feel wonderful afterwards,joy
i feel reasonably assured run no magical genealogical strains,joy
i used to get the worthless feeling like i said previously my gear was going on ebay but now catch or not i m not bothered it is all about having a go i think a little more when fish are thin on the ground but not dejected or angry,anger
im kind of embarrassed about feeling that way though because my moms training was such a wonderfully defining part of my own life and i loved and still love,love
i find myself smiling at their feelings towards me and almost feeling affectionate towards them,love
i got a feeling that they were trying to create a nostalgic atmosphere but it didnt work for me,love
i feel for him and im sympathetic because i have known people who have struggled with alcohol and drug addiction,love
i am suddenly feeling insulted while typing this down,anger
im feeling generous ill show you when its done,love
i wish that my family and i didnt feel this need to keep her constantly entertained when shes around because shes always bored out of her mind irregardless of what we do with her and doesnt remotely appreciate our efforts to tolerate everything about her but whatever,joy
i have struggled to fit all the work in for this module and have felt frustrated at times feeling that my blogs were rushed and although i have read with great interested fellow students blogs i feel i havent interacted as much as i could have done this is a definite area for development,anger
i was a little worried about telling her the thing about voldemort but i know how id feel if i still liked someone and they started dating someone else,love
i feel hateful of myself for being alone,anger
i think i spent too much of my young life feeling romantic to have much saved up for adult me,love
i have a lot to learn i feel like people are supportive of me,love
i feel i would have to answer would be about supporting understanding people with differences disabilities because i ve done it in one way or another for so long,love
i can wear anything and not feel bad,sadness
i knew i wanted to somehow include the idea of natural healing and holistic living but the site is also about feeling radiant vibrant and enthusiastic about life at any age,joy
i feel like i havent sit still since my birthday which i am loving,love
i was feeling as if i am in the lap of the divine mother and she is holding me in her soft and tender arms,joy
i feel quite jolly in spite of the heat and the lack of commercialism,joy
i am certified via ace and i love what i do but lately i feel like a fake,sadness
i do find that this question puts me right at the edge of bringing the love of the dharma into the world an edge that i feel is vital and necessary,joy
i stand looking at the tower feeling waves of nostalgia and longing,love
i was feeling a bit nostalgic and typed all this up literally without thinking about what i was writing,love
i feel a little bit more nostalgic when those memories come to mind,love
i feel god calling me there and if he wills it i ll be a priest for him and the rest of the faithful,love
i came away feeling that i should have felt unfortunate or cheated,sadness
i feel extremely passionate about this topic because that person used to be me,love
i could also feel very bad about myself for not being able to keep up,sadness
i feel highly burdened and incapacitated by my stupid flaring legs,sadness
i arrived at the gym she was such a ball of sunshine and made me feel very welcomed at the gym although i felt like a dorky unfit rotund sloth that did not fit in with the environment of buffed fit looking and fierce looking bloke,joy
i enjoy hearing the faith stories of other believers sometimes these stories leave me feeling inadequate and guilty,sadness
i love what i do and i feel so blessed and lucky to be able to travel and be creative and meet amazing people and wake up every day loving my job,love
i feel fucked is available to pre order from a href http churchoffuck,anger
i am feeling all nostalgic i went on pinterest and found some great looking recipes for tomatoes and had to share a href http media cache ec,love
i struggled with feeling like myself because myself liked bands and the s and david hockney and photography and collecting things and no body really understood those things because no body does understand you when you re,love
i decided to try the zipline in picnic grove since we are feeling a bit of adventurous that day,joy
i felt so good in fact i went to zumba half an hour later for an hour and then left there feeling even more energetic if that was possible,joy
i lose interest in reading stories when i feel like the tension has been resolved which did happen a few times and yet i kept wanting to read more,joy
i feel very relaxed playing with carl clarke says,joy
i get really frustrated whenever i talk with them i also feel compassionate toward them because they believe so passionately in things that are just dead wrong and frankly dont make sense,love
i talked to my parents about the fact that i was no longer having any romantic feelings or desires for affection with my beloved and that i wanted to break up with him because i was feeling like i was playing him because the emotions weren t there,love
i am feeling a little grumpy but that could be pms too,anger
i love you to me actually made me feel dismayed and disappointed,sadness
i feel more reassured now,joy
i went with one of those because honestly i was feeling very sentimental about family that morning,sadness
i didnt say was that strong feelings always make me skeptical at first,fear
i feel like im a violent mother,anger
i feel sad i will just ignore and pretend i dont feel anything,sadness
i get lots of praises i feel proud sometimes,joy
i feel civilly disturbed class delicious title share this on del,sadness
i will learn to express my feelings in a way more acceptable,joy
i think i have a good feel for what players are feeling and i just try to help them to do one thing in life that we all want and thats believe and if you believe strong enough good things can happen washington said,joy
i just need to find ways to feel pretty,joy
i feel like im in a whirlwind and the next im trying not to be too impatient as i wait,anger
i just feel heartbroken vunerable and sick tonight,sadness
i personally feel that this is not a acceptable piece of art but i feel this does test personal moral and ethical views in people,joy
i really want to share the chance for you to win too because i feel passionate about the subject,joy
i could make just one person feel loved for just a mere moment then my job here on earth has been fulfilled,love
i wasn t feeling especially sympathetic,love
i try to remember that quote when i feel i may be hitting a wall in a marathon or even a training run and i know it is time to find that perfect song that fuel,joy
i was feeling rejected and sad,sadness
i do not feel like a child and yet i could see myself giving into that carefree way of lestat,joy
i feel smart telling people i like wally lamb because hes actually not chick lit so i always mention him so people will respect me more,joy
i came back and for some reason my mind feels blank,sadness
i don t like orange but today i m feeling strangely sympathetic towards it,love
im feeling so disillusioned with it all right now,sadness
i feel really honored and excited to have met her,joy
i will soak in the feel of my beloved next to me,love
i see newborn pictures though especially the kind taken in the hospital i mostly feel acutely sympathetic to the exhausted people holding these tiny swaddled and red faced confusing beasts,love
ill just run to people watch feel the wind in my face see the lovely colours of nature and look at the planes flying higher up in the distance,love
i feel that rushed prize giving really dilute the event and in future prize givings will be not rushed and will be on timetable,anger
i feel is a dumb plot idea,sadness
i now feel like i look really ugly some people think i look retarted,sadness
i am in no way complaining or whining or feeling ungrateful,sadness
i feel soo naughty today,love
i feel thank you everyone for the amazing thoughts and prayers,joy
i feel extraordinarily horny like fucking a great deal of people,love
i can sometimes feel the stares i get when i dont show the tears or emotions in a tender moment or even in a difficult time,love
i got a little bit of help from my brother at the beginning and lots of lucks near the end of the game which might make you feel dumb at least it did that to me hahaha and at the end you have to decide nikos and the worlds fate to save niko or to save the world,sadness
i cant let all these feeling in one blink im not a heartless person like you i give you a lot of change i give you a lot of change to come and change your decisions i give you a lot of change to find me but you threw it like a crap,anger
i feel really wonderful about myself and love the life i live,joy
i feel peaceful secure and independent,joy
ive had a somewhat difficult time trying to find something to feel thankful for,joy
i touch you with my feelings hold you with my thoughts and with a smile i fall in love not caring at all display the heart,love
i feel i was successful in doing that for the waxing moon it s quite a bit different than the hidden sun,joy
i feel like i have been emotionally beaten to a pulp,sadness
i feel sympathetic to the dalai lama,love
i feel honored that the veil was lifted in that moment,joy
i wear this story as a protection from feeling the vulnerability of merely loving and depending on another human,love
im feeling more relaxed,joy
i am not amazing or great at photography but i feel passionate about it,joy
ive been having trouble sleeping my anxiety is causing my social life to suffer i lack the motivation that used to drive me work is quickly becoming a chore where i was once satisfied and i feel dull and uninteresting,sadness
i honestly feel at heart we should be faithful to each other if its yo girl,love
i am also now down lbs so i feel so good i still have another to go at least well thats the plan anyway,joy
im really really sad that i missed the menswear show because i feel like its worth supporting this venture to show more menswear,joy
i had finished my first leg the toughest longest and hottest one of my three but i was not feeling so hot,love
i feel a longing to begin and to be there even right now,love
i find calming about these colors i dunno i guess they feel pleasant as weird as that sounds,joy
i was feeling calm luckily was not shocked because in my mind i ve been thinking to get standby no matter what was the outcome of the result,joy
i think it affects me so much because it results back to one of my biggest flaws which is not feeling enough pretty enough smart enough you name it,joy
i was feeling pret t y tender let me tell you,love
i dont remember a day i was not romantic and feel passionate about the feeling of life,love
i feel like ending my life like some song from damaged or something,sadness
i feel like i have gotten rejected by him over and over again from the time i have met him,sadness
im not feeling treasured i need to remember that its hard to treasure something that has been lost,love
i often refer to myself as being weak im not sure what i mean exactly when i say it but i do know that when i reflect on the past two years i feel strong strong and accomplished,joy
i get the feeling that tyler is not very fond of the idea,love
i dunno it feels like you should be since she is the most god damn beloved character in the game right next to rinoa,love
i do feel like less of a person when i constantly hear family members use hateful language every time anything even remotely related to homosexuality comes up,anger
im not sure if the energy in trying to sew up the race to dubai and competing in the fedex cup has taken more out of me than maybe i thought because while i am feeling ok physically mentally i feel really tired he said,joy
i kept my laptop close searching for jobs that i could build a career out of and looking for those all important christmas recipes to make this year feel a little more special,joy
i consistently anticipation it s like that because i feel so admired and i feel so like safe in nature,love
i wasn t sure what prompted the thought since i m feeling so blessed these days and the idea of giving up hasn t been a part of my thought process and rarely is in as long as i can remember,love
i am feeling extremely pleased with myself and i decide to give the guy another rupees,joy
im trying to be positive and i feel positive,joy
i am waiting for a feeling that special feeling that makes life easy and bearable,joy
i feel ecstatic because no more homework,joy
i has for this other woman she feels greedy and wants kairi all for herself,anger
i love the museums there and although i love art i feel very dumb not knowing all of these paintings,sadness
i am breast feeding my newborn and was wondering how long will be breasts feel tender and super large,love
i try to share what i bake with a lot of people is because i love people and i want them to feel loved,love
i feel honored to have had the opportunity to sign my book within the walls of this library,joy
i feel gulity and feeling like im not being loyal and feel like im even cheating on her with,love
id call that feeling relaxed,joy
i feel so friggin blessed with a wonderful career and family,joy
i have no idea why this particular region seems to lack a visibly necessary outer carniola as well and i feel actually somewhat bothered by this possible evidence of lack of suburban spirit,anger
i still feel horny from that little a href http blogs,love
i feel so proud,joy
i don t need to drop feelings like a hot potato or slam the door shut on them,love
i am still feeling joyful at rest at peace and that nothing nothing nothing can stop me,joy
i feel a bit mournful since i read a bulletin of one of my myspace friends,sadness
im feeling a much more festive with the tree in,joy
i feel frustrated and upset and demotivated when i dont see a whole picture of the curriculum that im studying for example english class,anger
i like to eat chinese food to celebrate being with friends and french food when i m feeling romantic,love
i feel joyful and not feeble,joy
id feel like a heartless bitch if i didnt share these with anybody,anger
im feeling so goddamn pissed and just,anger
i feel i cannot be loyal i should step down,love
i may finally sit down and feel sweet release only to notice i have misplaced my glasses or that the kids have found a unique place for them,joy
i think i might be lacking in judgment about what matters and what doesnt but why do i feel like this is just going to go away in the most unfortunate regretful way possible,sadness
i highly recommend it if you want to feel totally amazing ab,joy
i finally feel i have accepted nashville as home,love
i regret it because i feel shitty that i cant enjoy things if im alone i ended up seeing my brother afterwards who was in baltimore with his new girlfriend and wanted to see me as well as introduce me to her,sadness
i feel a bit stressed so i get up and take two rescue tablets,sadness
i can feel a sense of comfort with nostalgic sweetness,love
i get the feeling that im butchering a feeling that was as delicate as it was wordless but so be it,love
i want to talk to you about but with the limited time we have on the phone and with our current arrangment i feel hesitant to bring it up,fear
i like good jokes i like to have a good company and subkect of talking i like a man that can make a woman feel horny,love
i almost fall asleep but i feel so awkward sleeping beside her,sadness
i tend to become a little animated when i talk about something in which i feel passionate,love
i was feeling adventurous,joy
i think nicely sums up the feeling of talking too much about artistic pursuits,joy
i feel that anger toward someone else not caring about someone else being selfish creating a negative impression of someone else not noticing the person next to them not saying hello to someone they must recognize where is my good heart,love
i hate all shopping when i feel rushed by hoards of people,anger
i could feel the depth and richness of the hot pot starting to develop but every small event took me away from gathering the heat to speed along the process,love
i ended up changing my clothes and laying in bed with my eyes closed for the next hour and eventually i started to feel better,joy
i was also feeling unimportant,sadness
ive been having more frequent hot flashes throughout the day sometimes and im starting to feel just a tender touch of achy pain in one spot in my back which i hope isnt another new bone tumor metastasis,love
i was afraid i was going to freaking explode my muscles locked into place and all i could feel was the absolutely ecstatic sensations ivy s hands were creating,joy
i feel all submissive,sadness
i am feeling pretty restless right now while typing this,fear
i dont even know how to express how it made me feel these kids were so appreciative of the fact that we were coming there and it was very heavy to think that maybe our music gave them a little something to grasp on to,joy
i know im feeling agitated as it is from a side effect of the too high dose,fear
i said before i feel like a hypocrite advocating for diabetes support and awareness without supporting my own situation,love
i feel like no matter what my house will never be acceptable to them,joy
i think that in this way though the readers will most likely agree with what i wrote and hopefully feel more passionate about scientific research,love
ive had a rather average career because i decided to work less to earn less no rolex anywhere to be seen but have managed to write and even publish some of the short story collections and novels i have in my mind and on my drafts today i will feel successful,joy
i hope that i look back on this in the future and feel glad i documented all her small ways and feel if possible even more love for her than i do now,joy
i like to listen to it when the weather gets warm though because it makes me feel like i m carefree and at the beach,joy
i keep feeling that sometimes one just has to fake it till they make it,sadness
i actually feel more compassionate towards them,love
i feel respected and such,joy
i popped a fever and even my co workers we urging me to go home before i even had a chance to open my mouth and voice the obligatory i m not feeling so hot,love
im still a little mixed on how i feel about him back especially because i liked the a href,love
i just feel so appreciative,joy
i came out on the other side feeling stronger and more compassionate to others,love
i feel eager to tell my parents,joy
ive got no brothers in the family i feel incredibly blessed to be gifted with sisters who drive me up the wall and who also happens to be the ones who make me feel most comfortable being myself,joy
i feel so sympathetic empathetic towards them,love
i feel embarrassed by it,sadness
i feel insulted to see anyone wearing crocs the fashionable shoe icon,anger
i hadnt been feeling well all week in calgary so with this added relaxation in the first run of the second race i set another pb time by almost,joy
i cannot help but feel proud and grateful to be an america,joy
i feel like todays sweet treat would be something served at the north pole,joy
i always feel intimidated by other people especially when they always compare me to other people ever since i was young,fear
i remember watching it and feeling devastated because of the sheer familiarity of it all,sadness
i was just telling you how i feel about you and all you reply back was just since when you started caring for me so much,love
i hate to have to clear my voice i hate to stammer i hate to feel the way i do now humiliated and frightened to the bones what do you want of me,sadness
im excited to get home and spend time with everyone please feel free to email call or text and let me know if youre available for dinner or coffee or anything,joy
i felt that aching feeling anymore and i had to think about it but no i dont have that aching feeling unless i am missing my family,sadness
i can t do anything but feel the feelings because the issue has to get resolved to dissipate the emotion but i am powerless to make any resolution because it s not my issue,joy
i feel really discouraged and hope is the only thing i have to hold onto,sadness
i am feeling honored grateful and blessed to get to spend each day with these remarkable th graders,joy
i started to feel a lack of connection to my husband i m sure as a direct result of not spending much one on one time together,joy
im closer to the end of my road than to the beginning and i feel very tender towards myself,love
i am feeling happy,joy
i see the starlight caress your hair no more feel the tender kisses we used to share i close my eyes and clearly my heart remembers a thousand good byes could never put out the embers,love
i feel like this never get impatient around sharp objects as it will inevitably lead to tears,anger
i feel liked because people clicked like,love
i feel like im so enraged,anger
i grinned at peter feeling somehow triumphant when it was only partially forced,joy
i dont know you or what your going through but i feel sympathetic because im human lies,love
i have been struggling with this feeling of being damaged,sadness
i feel loyal to the one im with now,love
i am feeling the purpose of caring for those of us who are caregivers as well,love
i feel horny a class arialblue href chat,love
i feel indecisive on whether or not i feel the book huckleberry finn should be censored,fear
i would watch him and feel frustrated he didn t realize that fifteen feet away was the ocean the freaking wave crashing covering the majority of the earth ocean,anger
i needed supportive caring understanding loving he made me feel i broke up with him because despite it all i could tell he was stressed and whatever place i held in his heart before i no longer kept,sadness
i feel more relaxed now that i will get good care and that i need to accept advice given to me unless i feel very strongly otherwise,joy
i did wake up feeling pretty energetic so thats a positive anyway,joy
i began to feel a cranky feeling of why the hell do i do what i do,anger
id feel nostalgic about gillard hours ago,love
i feel like the awkward year old i was and some days i really feel like a grown up,sadness
i remember feeling really terrified when i was in brazil on a bus that was going up steep mountain hills on the side of the mountain in the middle of a big storm wondering if we were going to fall off,fear
i was feeling adventurous and took the stairs,joy
i feel like im caring about my body not in just an attempt to be the right size but to feel good and have a full life,love
i don t have to look to see the stares i feel them and i also know of them by the sympathetic glances my american friends give me,love
i have an uneasy feeling about the stupidly talented eagles mainly because as good as they are at most positions they re dangerously thin at others,joy
i feel so honored to call rex dingler a friend,joy
i feel totally drained emotionally and physically the holy spirit never ceases to fill me up and speak to me,sadness
i feel but is ultimately just ok,joy
i feel almost embarrassed at my own contribution because its ridiculously unsophisticated and it is pretty much immune to alteration by any of the things that are happening here,sadness
im feeling about as horny as a dead goat,love
i feel resentful and really work that resentment until i blow up,anger
i look out on this scene i think about how cute it is and enjoy a swelling feeling of pride in the playful delight of my dog,joy
i feel simultaneously thrilled and shy about this its both unsettling and exciting to see myself in this way,joy
i think guys who feel need to compensate do it by being obnoxious,anger
i guess i m feeling a bit nostalgic,love
i wasnt feeling well at all so had to take a few days off work lots of winter germs going round and being in an air conditioned office probably doesnt help,joy
i am going to feel for caring so much and letting people in my world then this shall be the last time i am doing so,love
i feel dumb for even liking you,sadness
i feel he was eager to help,joy
i think you said beautiful things to them and i think you meant them you loved being with them i think you made them feel terrific,joy
i is an extremely positive feeling a divine energy who alone can take our quaking boat to the shore,joy
i feel like i am supposed to be faithful to her,love
ill especially feel like im going to pass out or throw up if im really hot and it comes all of the sudden,love
im feeling really horny with all this new power,love
i just can feel so pain but nothing to do blank and speechless,sadness
i am going to post my training schedule for the next several months right here so i can refer easily to it or if anyone feel like supporting me and joining me in this,joy
ive found myself feeling low and at other times sad,sadness
i feel tortured a href http lawrencewashington,anger
ive found myself at the other end of it all i feel like i missed out on winter,sadness
im better than the rest of you feeling but a feeling of being accepted,love
im old enough to have experienced lots of the stuff that jake encounters in albeit as a child and it jives with and jogs my recollections and induces a feeling of longing for older simpler times,love
i feel him her in the gentle breeze,love
i feel graceful and almost mythical,joy
i do go for days as has happened recently i feel clearer and more compassionate,love
i believe a lot of people can feel this way not in an entirely sympathetic turn for the victim and those closest to him but an inherent fear of something like this happening to oneself,love
i feel that i want what i need and know that i just need to bleed in this fucked up world of my own,anger
i feel like we owe it to each other to be intelligent about our sexual decisions,joy
im feeling a little stressed about it,sadness
when i heard a rumour that the st year exam results were out i had fear that i might be one of the failures,fear
i eat or sleep i cant get myself to feel the life loving energy i felt so easily before,love
i can genuinely say from the bottom of my heart that i feel absolutely thankful,joy
i feel very blessed to be given the chance to do what i love,love
i feel horrible now as a result,sadness
i was pregnant with my first i remember thinking a lot that i didn t have to feel so sentimental about the time passing so quickly because there would be another pregnancy yes i am one of those crazy people that loves being pregnant,sadness
my cat died from an illness it had been with us for years it was a lovely cat it had been ill for one or two weeks and the veterinary surgeon had told us that it was dying,sadness
i never ever thought about not blogging about books mainly because i think you should blog about something you feel passionate about and for me thats books,joy
when my beloved grandfather died,sadness
i sit the chicken preferably bone in chicken thighs skinless because i feel they have the most flavor in a crock pot so that it becomes tender and falls apart,love
i always feel slightly worthless almost self condemning like i should be doing more amounting more saving the world one day at a time a preacher on a podium a counselor for teen single struggling mom s a writer a motivational speaker a super mom to my baby boy,sadness
i feel abit hopeless at times man darn itttt,sadness
i hardly feel that way m usually hyper and bouncy around everyone,joy
i am known for letting things go when im not feeling good,joy
i feel very valuable through you all,joy
im not afraid of going on my own but i feel like a lot of people were in groups and a part of me feels like it would be cool to have a small group to hang out with,joy
i went to see my pcm on post for a follow up appointment and i left feeling hopeful and optimistic,joy
i mentioned above feel free to hit me up about anything,joy
i feel lucky to the point of feeling guilty about having got away without more serious damage and disability,joy
i wanted to because he loves me and i feel like if he cares enough about me even if he doesnt care about the wedding itself he should be more supportive and not throw it in my face,love
i want to go in feeling eager and come out with a dazzling cert whilst on the phone with my mum feeling that at least ive made her proud,joy
i feel as though sometimes i can be more clever than average,joy
i feel blank and at a loss but hey that s old hat,sadness
i am already feeling homesick for a country that isnt mine own,sadness
i feel its my job to give you perspective to at least attempt to provide context as to why seemingly intelligent folk say such unimaginable things,joy
i feel cute i feel good,joy
i feel guilt from inaction and spend much of my time helping and supporting others,joy
i didn t binge at all during the weekend and had more energy to clean the house something i had put off for weeks even if these pills didn t really make me lose any weight i wanted them because i hardly felt the need to eat and didn t feel totally and completely exhausted,sadness
i admit that there is a sort of a mexigoth feel or vibe to it which i am fond of,love
i feel hesitant to comment because i don t want to add to a pileon but it seems clear to me that those involved haven t learned from their past experiences nor are they interested in applying that learning to future projects,fear
im trying to focus on not feeling sorry for myself and not being upset over the loss of a material possession,sadness
i feel so violent but im a paper tiger,anger
i wish i wouldve stopped and just walked my knee is ridiculous and acts up from time to time usually after miles it starts to feel tender while running but i can deal with it no biggie,love
i feel is love and peace acceptance and a gentle guiding an encouragement to have faith and stand tall regardless of human reactions and to rest regularly in the field of love within via meditation,love
i feel clearer more joyful and alive,joy
i feel confused after that,fear
im feeling very nostalgic over what happened in the last four years,love
i know its an unfair reaction but i have run out of ways to explain how i feel shaken is the best i can come up with right now,fear
i have found this site to be a huge help to keep my in the moment when im feeling stressed or missing drinking,sadness
ive been feeling quite nostalgic lately so i thought i would compile a list of my favourite books from my childhood,love
i turn feeling ridiculously awkward and very self conscious to face zayne,sadness
i feel like im not being loyal to my boyfriend even though i have not acted on my feelings for this guy,love
i feel totally rejected,sadness
i seem to remember it was gold dust not willy wonka style gold tickets but i m feeling generous and although i liked the new faceplate for me the redesign just didn t work,love
i or lambrusco but the quality is so much higher than a lot of those wines that i feel this is a smart buy for those who like a little sweet and a little bubbly,joy
i reply because they make me feel pretty,joy
i still can t shake the feeling of him loving us both equally,love
i feel myself getting agitated over something insignificant or feeling bored i m going to remember this quote,anger
i feel inside of me that it was not in vain,sadness
i part basically they are feeling sympathetic a bit to late in my opinion hachi rushes in to find that nobu is trying to help nana by blowing into a paper bag,love
i feel hesitant about talking about this,fear
i vividly remember feeling so offended that she would even dream such a thing could be a choice,anger
im sorry this apparently offends a lot of other women because its only women who feel the need to say something rude but im going to do it anyway,anger
i was constantly amazed by the world building maybe because it came hand in hand with the gripping pace in the books i feel like there are your sections devoted to character your sections devoted to world building and specific small sections devoted to plot,love
i like her a lot as a person but i cant help feeling less that what she is she has my dream jobs shes more sociable shes a combat trainer,joy
i feel that it could have been a more successful outcome had i explored new styles but kept it close to me and remained myself,joy
i have been feeling discouraged lately but a quick visit from my sister and nephew this weekend definitely cheered me up,sadness
i party darling don t close ss ur eyes just look at me wll feel hotest body excotick beaty between in my to leg s will be yummyy and u wll be deisire just take a horny enjoin movie record,love
i love gives me a great feeling of contented accomplishment,joy
i feel ever so ever so ever so jolly,joy
i feel ok and go out into the world to work buy food or just go for a walk,joy
i feel like garbage i cant think about being thankful right now it hurts too badly,joy
i feel were most successful sodden shattered squeeze sardonic and squat,joy
i feel a whisper a friendly voice start to rise indulge until your hearts content and pay no mind,joy
i am feeling stressed,sadness
i am feeling like something sweet there is always fruit,love
i tend to feel like my stove runs hot so i am either usually at lower temperatures than a lot of recipes suggest or shorter times,love
im not feeling exactly thrilled with standing in front of a mirror if you know what i mean,joy
i feel drained at least now i have something to look forward to,sadness
i feel a little bit brave,joy
i can understand that you may feel youd rather not do your bit for the vulnerable and homeless in london in that precise way,fear
i brought to his attention tonight is i don t feel that he is very considerate,love
i was intensely conscious of how much cash i had left in my gas and food envelope and i still have what i intended to save for next week which helps me not feel so stressed and scared,anger
i feel liked i talked about mass effect to death in these posts but i m going to have to again i m afraid,love
i am always so sensitive and my every sense feels like it is being assaulted as i drag myself away from the darkness,fear
i can feel the gap it feels like rich people status and poor people status,joy
i have enjoyed the experienced of being entranced by most none up to this point have ever made me feel the experience of being devoted,love
i feel petty for saying shes fucked up because technically she doesnt have to get me a gift,anger
i want that feeling that someone is devoted to me and wants to keep me strong and go through things with me,love
i have a lovely nesty feeling after looking at all that cute teeny weeny clothing,joy
i also need to remember how bad overeating makes me feel not just the fullness but the hangover i get from food thats too rich or too sugary,joy
ive found it im feeling pretty pumped,joy
i appreciate when he shows how he feels because i know that he is not naturally an affectionate person,love
i wear this shirt i feel artistic you are artistic but now i look artistic yes son you do,joy
i will never forget as he shot the dye into me telling me ok youre going to feel a hot flash and then it will feel like youve pissed yourself,love
i do not write in search of praise or recognition but it is an amazing feeling to be read and admired,joy
i just need to swear off feelings caring relationships,love
i just feel so awkward and i know i am awkward with them,sadness
i could feel his breath on me and smell the sweet scent of him,love
i forgive myself that i have accepted and allowed myself to feel more than and superior when as i see perceive someone worshiping me for my progress instead of realising that i am defeating the whole point of process within doing so,joy
im finally feeling a little more productive,joy
i feel i am really a cute pirate girl than the somewhat cute landlubber man that i sort of am,joy
i feel such gratitude for the generous gifts we received on our wedding day over years ago,love
i could feel was peace which was welcomed after a week of packing saying good bye and dealing with an overwhelming feeling of displacement,joy
i am thinking about everyones future and not my own i feel so alone useless and am wondering what the hell am i doing wrong that i only feel like a roommate and nothing else,sadness
i feel a bit ashamed that its taken us nearly a month to build this thing but with nathans crazy work schedule and my limited abilities with power tools we were only able to work on it for short spurts at a time,sadness
i can say is that i feel like myself when i put on a skirt heels and lipstick and when i wear clothing which has come to be accepted as neutral and nondescript like a t shirt and jeans i dont feel like myself,love
i was feeling really hot and i thought id whip up a sorbet to cool me down,love
i have begun to feel as though i have valuable contributions and insights to make within a network of professionals,joy
i have been feeling so overwhelmed lately,fear
i feel naughty saying how beautiful it was feeling that heat on my bones yesterday,love
i also didn t feel very weird sleeping in my bed while the two of them slept in hers,fear
id be more use at that level which would make the job feel more worthwhile and the season is basically half as long,joy
i just sort of feel lame in comparison to other bloggers,sadness
i remember feeling loved and beautiful and special and sweaty to be honest,love
i feel more like the girl i was when i was at i was fearless excited for life and discovery,joy
i have been feeling rather lonely,sadness
i sense and keeps catching my attention is the feeling of the beloved s love pouring out of and through me touching those i encounter in a palpably strong way,love
i feel i am pretty smart raising three boys on my on and they are turning out to be great but my question myself and anyone who reads my blog whats wrong with be wiser,joy
i also did feel like i was excited to come back like i have two homes now,joy
i took steps and immediately remembered the feeling i had when my water broke with jack,sadness
i dont expect reilly will mess them up and since we have no cats i feel pretty safe leaving them in place,joy
i feel your delicate fingers,love
i did not do all this to feel pretty might i add,joy
i know they mean no harm but i cant help but feel offended,anger
i woke up feeling pretty rotten from the weekend this morning even though yesterday i felt fine,sadness
i feel like a useless bastard,sadness
i still don t feel so hot i said as aj frowned,love
i was actually feeling somewhat listless and unmotivated earlier this afternoon but then i had a cup of coffee medium strength coffee at that and now im bursting at the seams,sadness
i was feeling rather self satisfied that my teen daughter and i were facebook friends,joy
i feel like i got to know her a bit and what i did get to know i really liked,love
i feel has such a lovely touch,love
im just saying that if i did they would make me feel successful,joy
i feel cute because the tune of the song days of christmas played on my mind pia again almost my best friend because were going out like everyday and i can share to her almost everything and we understand together and i went out,joy
