i guess while i can understand their concern i can t help but feel a little rejected,sadness
i can t help but feel nostalgic every time i listen to it,love
i feel students need compassionate strong and dedicated individuals who embrace the role of luminary with humility and a sense of adventure,love
i just feel cold and drained all the time im either hungry or tired or cold at the moment and it sort of sucks,anger
i feel ive answered those questions for her and shes pretty trusting for the most part,joy
im pretty sure it had to do with the fact that im dealing with hyperemesis not enough sleep and feeling irritable,anger
i wonder are you jealous or feeling of discontent or covetousnes,sadness
i feel that the most talented of illustrators designers are ones that know how to get an idea across without the trappings of crosshatching and lensflares on everything,joy
i see are self centered statements about you and your feelings and your looking for a sympathetic ear from anyone that will listen,love
i feel like my valuable college years are being wasted in daily routine,joy
ive started feeling like almost nothing is worth getting agitated about,fear
i feeling a little tender and uncomfortable but the needle marks on my bum are worse,love
i feel very very burdened by so many situations around me right now,sadness
i am months into the medication and i feel fantastic,joy
i feel like ecstatic i feel joy i feel love and particularly all the devotees have come and that mood is also eagerly moving moving and moving said andri a visitor from abroad,joy
i feel sort of pathetic saying that my iphone internet and tv are my must haves but lets be honest they are,sadness
i honestly believe those darker days are the reason i push so hard to be someone of worth in my future i feel it is my duty to make up for all the time i lost,sadness
im feeling more comfortable in the water,joy
i feel more and more stressed,anger
i will think of something else feel all passionate about that and then it too would stop,love
i counsel people who are in abusive relationships i have prided myself with understanding how they feel being a supportive resource because i get it,love
i can t show my feelings well to my family and to the fans either,joy
i sometimes feel resentful that this has come into our lives at this time,anger
i feel awful and have had chills on and off day and night,sadness
i di spazzola prima di andare a dormire one hundred strokes of the brush before bed though she didnt support the film because she feels that its not loyal to her novel,love
i know and in the back of my mind i feel like im not being loyal trusting but i need to make sure that im doing the best thing,love
i know i feel a sense of obligation to be loyal to the us canada and taiwan depending on whether or not you think the last is a country,love
i feel like its important to vote on all of the local stuff,joy
i remember that we would always pat my head ahaha lt i feel like a puppy and this other guy that liked me kindaish also patted me on the head too so i guess that s a good sign of harry liking me if he patted my head maybe he thinks my hair is soft sighhh,love
i posted about feeling like a super mom because i managed to care for myself my children my fiance and my house for one day while working and on little sleep,joy
i can feel what hes feeling but not quite because this is his own beloved brother,joy
i knew from high school and he s pretty fuckin chill says that the girl feels insulted and threatened by the blog that i wrote and would like me to apologize and if i offended her i m sorry,anger
i feel disgusted when need to act cute like the actions of gwiyomi,anger
i feel he has been quite successful at achieving his vision,joy
i always feel a bit naughty on mondays,love
im feeling scared and the rage filled im mad at me,fear
i feel more crucified heartbroken tortured and forsaken than i have ever before felt but not at the hands of my enemy at the hands of those i love,sadness
i wake up and i feel absolutely worthless,sadness
i feel a little ashamed that i had such low expectations in the first place,sadness
i just think the media in general i just don t really get portrayed as someone who has feelings or who is sympathetic,love
id love to hear how any of you handle these types of situations as well so if you have any stories of your own feel free to share,joy
i was just randomly talking about it and how i found the once more with feeling cd and listened to it and was quite eager to watch the show again,joy
i feel back onto my bed caring for my stinging eye,love
i have been becoming i definitely want to include in my revamped definition of strength my impulse to nurture my sense of resonating to the feelings of others like a sympathetic string the way i ve been able to let go into life as an emotional being,love
i feel as confused about life as a teenager or as jaded as a year old man,fear
i questioned myself wondering why didnt i feel jubilant,joy
i felt better on thursday and today friday felt good enough to come into work though i still feel kind of shitty and foggy,sadness
i feel wronged by the world,anger
ive had little movie star tears come down but the way i feel is not relieved by that,joy
i ask you when folks park why do they feel it is smart to park with only or inches separating your car from the one in front or behind you,joy
i am feeling so excited for many of the bloggers i follow who are anxiously bearing through a ww of the first few weeks of pregnancy,joy
i feel like offended with such question,anger
i keep these things predominantly for fix functions and will not arranged right now to create a style applying twelve months previous ingredients until i m feeling much more perverse than usual,sadness
i achieved a specific athletic goal in what i feel is pretty fine form,joy
i feel divine and strong,joy
im feeling less generous i call her psychotic,love
i feel more energetic and motivated,joy
i think i confuse my feelings of longing with feeling good,love
i love the look of the black and i feel like that would be the smart choice but im kind of drawn to the rich blue or grayish blue,joy
i am good at something that i feel passionate about and all of the other students that graduate this year are in the same boat what happens after,love
i feel it s acceptable for me to put forth little effort in today s post,joy
i feel awful everytime ac,sadness
i had begun to feel apprehensive when thick black rain clouds stormed into the sky above town,fear
i feel lethargic and lazy and completely uncomposed if i m not dressed in something like that,sadness
i wasnt feeling too well,joy
i cant honestly say that i was enjoying the actual running much but i was feeling the benefits and liked being out in the fields and woodland seeing the changes in the seasons and getting lungfuls of fresh air,love
i want to feel inspired on the job,joy
i know i feel vulnerable,fear
i have one of the guest rooms in our current house that was supposed to be my craft office closet but i honestly never use it since it is up stairs in a cold or hot room that i feel i can t get messy,sadness
i am so connected with families that are not my own and i love them so much and so i feel blessed to find a family to be connected with on so many different levels,joy
i feel shafted or greedy,anger
i cant help feeling mad at this man,anger
i feel overwhelmingly remorseful and guilty when i watch too much news or too many sad movies or television dramas,sadness
i feel really comfortable in them,joy
im really praying and concentrating and im just inundated in thoughts that i feel should be devoted much time to,love
i cant tell you in words how much i feel honored that my photo made it into this gallery,joy
i prefer to sit in the large room at the back with its wooden floor and upholstered chairs which has a timeless feel in summer a gentle breeze blows through the floral curtains as you savour your large piece of cake or perhaps some of their famous a href http en,love
i am feeling pretty homesick this weekend,sadness
i feel loyal to him in some ways so respect his wish not to tell anyone but it is killing me keeping it inside,love
i was feeling pretty cranky this morning and stopping in here really made me feel a lot better,anger
i dont know if you guys can relate but i always like to feel welcomed and see a smiling face when im having a spa treatment,joy
i feel so blessed just to be her mom,joy
i can t hate too much because i feel like she s looking pretty damn flawless in these pics,joy
i feel more like the manager everyday and i feel more respected by the day as well,joy
i have to be honest with a grandmother that passed away at i dread the idea that if i die young i wont get to do all of these things i really feel passionate about,love
i feel incredibly idiotic but i was also embarrassed because it hadnt been their fault at all and i had yelled at one of the workers on the phone out of frustration about needing to call them a million times sending so many emails and still the problem was not solved,sadness
i feel resigned to what i have brought myself to and docile,sadness
i feel happy about myself hes the reason why i am where i am today,joy
i feel so stupid to think they will trust me,sadness
i am feeling increasingly hopeful,joy
i feel myself caring and wondering more than them,love
im back to watching running man and i love it i got back the feeling of why i loved running man,love
i feel badly enough about myself and everything thats going on and some of these people that are supposed to be helping me arent particularly sympathetic,love
i anyone another lovely day today weather am running late with life generally and not done any art today yet feel deprived bit of,sadness
i bet you ll feel absolutely horny on watching shameless blond lad make his guy cry of pleasure caused by hottest fist fuck,love
i feel a little less gloomy a little more optimistic or a little better prepared to face what life throws my way,sadness
i feel like im falling out of love with him in a way and not in a romantic sense,love
i was feeling a little fearful of trying to eat this damn thing,fear
im going to go do my anti dance flow now and if i feel eager since ill be on the mat anyhow i might even do a few circuits of grow a spine,joy
i feel just as determined as ever if not more,joy
i actually thought i would feel bothered being their since ehb and the other woman ow spent quite a bit of time together there but i didnt feel much of anything,anger
i have a feeling this month is going to have some damn cool things in store,joy
i now feel compromised and skeptical of the value of every unit of work i put in,fear
i just don t feel thankful rel bookmark some days i just don t feel thankful posted on a href http babychaser,joy
i feel like it s really supportive,love
i feel like now i have the opportunity to become smart to embrace knowledge and really learn about everything i have daydreamed of learning,joy
i absolutely love this skinny fiber it is doing wonders for me and i feel fabulous,joy
i kuribayashi i had the feeling that had we met i would have liked him,love
i have been feeling awful,sadness
i was however totally petrified of feeling it scared to death of giving in and releasing it and afraid i wouldnt be able to cap it again,fear
i will explain here the areas i feel are vital to a successful experience and then i will pinpoint how i plan to assess those areas,joy
i didnt feel there was anything special about it,joy
i feel as though the concept of lifestyle change rather than weight loss has been beaten to death but it really is something that i believe in and am currently experiencing,sadness
i also feel as it has helped me become an intelligent individual,joy
im not going to tell you to feel loving feelings toward her,love
i am feeling so nostalgic lately i would like to say it is because i am yearning for a simpler time but those times i find myself thinking of are far from simple,love
i was feeling like garbage all day allergies but im glad i didnt last minute cancel,joy
i sound so entitled but you cant help but to feel disappointed even though you already knew you were going to be,sadness
i once knew a quaker who announced quite excitedly that he was feeling absolutely wonderful because for a period of about a fortnight nothing much had been happening in his brain,joy
i am enjoying the month old puppy piddi and feeling the gentle breeze that floats through the cool inner chambers of the house,love
ive not used elvive for years and i admit to feeling a bit naughty having strayed from an sls free formula,love
i no longer have summer vacation like when i was in school summer still has a feeling of relaxation and being carefree,joy
i become someone else and i make random awkward jokes honestly this feeling is so strange is this what it feels like to be on top of a cloud,fear
i asked how does the long grass feel he said this long grass feels lovely,love
i had a pretty trying adolescence and any time im put into a situation where im made to feel inadequate it makes me revert right back into the shy awkward teenager with low self esteem that i was in high school,sadness
i feel so clever to have done that,joy
i have lost kg and feeling fab,joy
i feel all weird when i have to meet w people i text but like dont talk face to face w,fear
i leave the nursing home each week feeling so joyful and ready to come back again,joy
i feel so immensely blessed that i was chosen to be little joeys mom,love
i hear about a teenaged girl devastated by the pimple on her face the morning of prom i feel devastated for her,sadness
i feel very complacent with my experiences here in this program even if i sometimes find the concepts we ve done to be big drags there s still no room for scrutiny,joy
i feel as if i have had enough sleep and have much more vital energy than i have ever had before taking it,joy
i feel entirely free to express the way i feel about surroundings my life and the myriad of experiences that continue to make me who i am,joy
i zoom into those difficulties into feeling like having to give up everything and feeling more then helpless alone in a desert cast out by the ways voices and actions of others that is another story when i zoom into it i also temporarily loose the view of the full picture,sadness
i feel like i get a lot of questions in my list of search phrases that point people here and sometimes i m awfully disturbed at the things that somehow bring my blog up in a search engine,sadness
i am feeling the past few days a little distressed about not writing here as much,fear
i refuse to rate the book but if she and her publisher feel snobbish then take it from me when i say jeanette winterson cannot write and essentially does not do wish to do anything with the scope to explore,anger
i havent written in awhile and it feels terrific to scribble stuff down in a notebook from time to time,joy
i feel unimportant but even if i am in some way its still not my place to be making any decisions or voicing my opinions and its certainly not my place to be sharing my feelings,sadness
i never feel accepted but you have to go through steps first you are a publisher keeping track of time spent in the ministry trying to get more members,love
i feel ashamed that i again let it come that far,sadness
im feeling a craving for a naughty sweet snack this is what i choose,love
im not going to lie i feel a little insulted,anger
i feel pretty lame typing that but my upper body is so weak,sadness
i feel hopeless and out of control,sadness
i stop feeling so mad i ll stop behaving like this,anger
i didn t want to leave but i didn t before i thanked her parents for trusting me to spend the night and that it made me feel like they respected me,joy
im also feeling cranky about it because the main characters scientist brother observing the moon mentions that there is zero gravity there,anger
i still feel completely accepted,love
i have never known a love like the love i feel for you sweet emma and benjamin,love
i was starting to feel a little stressed,sadness
i feel that it s not the distance that separates lovers that ends a relationship it is the impatience of humans to feel the touch of their beloved or to hear a lover whisper ones name,love
i was on my own tearful and feeling unloved even though i know that i am,sadness
i can offer you that feels loving to you,love
i honestly feel kind of embarrassed and a bit guilty,sadness
i am feeling deeply offended big hurt feelings in fact,anger
i like to add a slice of cheese and some pepper to the egg and when i am feeling naughty i like to add some chocolate chips to my trail mix another treat i am loving as a pregnant mom who often craves a sweet but doesn t want to overload on sugar or empty calories is zico coconut water in chocolate,love
i want to at least feel more intelligent and i believe becoming a well read person myself will help,joy
im feeling a bit cranky today,anger
i got to chat with rustie dean from my hometown moose jaw and everyone made me feel so welcomed and comfortable,joy
i hate the way mom and dad are to her i hate the neglect of her feelings and her needs as an intelligent child that are rampant in their parenting style,joy
i feel as uncomfortable now as if i were carrying a volvo but my belly is nice and tidy and looks not unsimilar to the beer gut my dad has nice and hard and round and i waddle just like he does,fear
i feel an inner conflict between my sense of duty and my desire to play i hadn t entertained thoughts of sex,joy
i havent felt much like talking nothing bad just not been feeling very sociable in some ways,joy
i have done so in hopes of being inspiring while at the same time looking for solace from people rather than god and for proof that maybe i can do something good while i feel so horrible,sadness
i feel like i have been beaten hard with a baseball bat under my arm which the doctor said was a very apt description,sadness
i have a guy im actually feeling hilariously fond of,love
i once read that when we feel nostalgia we are actually longing for heaven,love
im just happy to be feeling something because for the last few days ive felt pretty,joy
i felt i handled it okay but the class really began to feel like instead of caring about the subject matter it was turning into a fight for my grade,love
i feel like ive gone out of my way to be particularly considerate about not having inconsequential complaints so i dont illicit those feelings in others that i so ungraciously had before as well,love
i expect and i feel content with that,joy
i guess you cant see how wed feel a bit unwelcome,sadness
i had encountered before and as much as these dreams thrilled me they left me feeling even more terrified,fear
the funeral of a friend who was killed in a car accident she was of my own age,sadness
i feel content without knowing the rest of their story,joy
im so excited thinking that some hot man might see my sweet little pussy this makes me feel so naughty a naught little girl hehehehehe,love
i say that i feel like im being tortured by him,anger
i had grand plans of baking through my two days off but i mostly ended up just curled up on the couch pouting about not feeling well,joy
i feel to it and it benefits from a generous budget for exotic sets and gorgeous matte paintings,love
i feel like the thing that i call an artistic tendency in myself is really just laziness and narcissism justifying and strengthening each other,joy
i feel unwelcome at work sometimes and think people might be talking about me rel bookmark i feel unwelcome at work sometimes and think people might be talking about me april a class url fn n href http www,sadness
i am suddenly feeling very energetic,joy
im feeling very hopeful about that and this seems like a good time for me to switch doctors too,joy
i am feeling a little apprehensive about the whole thing,fear
i feel that things i learn in my course so useful right now,joy
i feel like ive been held back a lot this summer with soccer and my mom not trusting me,joy
i was feeling strong and ready,joy
i love the most about them is the slight cat eye shape of the lenses they instantly make me feel likeaudrey hepburn in breakfast at tiffanys so glamorous and of course that gorgeous case doesnt hurt either,joy
i feel it s my job to give him all the tools he needs to be a successful person,joy
i went to dads caught up with alice watched idol which was extremly crap and boring i dont know why i watch it but i feel like i need to be loyal to it,love
im really feeling hot comfort foods this week,love
i feel i am completely dissatisfied with the whole world and all human characters are inconsistent,anger
i was gifted one of the books but am feeling a bit intimidated to take on the intricate work,fear
i didnt feel like anyone really hated me or noone new anyway and i managed to just not think about those who do,sadness
i find myself crying over loosing everything that i have everything that i am not really proud of and i feel such a loyal connection to what s around me,love
i feel i need to change that pattern so that i can stand up for myself and learn to be supportive,love
i am grateful for every single thing i have maybe then ill start feeling dismayed when i don t have more,sadness
i do this i feel lethargic uninspired and the next morning have a go at myself,sadness
i feel like a child who got one lick of the most delicious lollypop ever,joy
im a huge fan of both london grammar and disclosure so in my eyes this is just a perfect collaboration and it definitely helps to make me feel creative,joy
i feel so blessed to have met each and every one of them,love
i feel more sociable these days,joy
i do have to say that at first listen yunhos raps gave me that wtf feeling but after listening a couple times im determined to learn them,joy
i guess they cant help but at least feel remorseful that she died so horribly and im pretty sure matt wasnt crying because he cared,sadness
i should be feeling eager to leap into stash of fabric and make something,joy
i did not enjoy the feeling of the naughty kid who knew better,love
i feel as if im trying to be so considerate of others,love
i have a serious question for some of you why do you feel it is ok to support a healthcare plan that tramples on anothers beliefs,joy
i cant help looking back on the child i was and feeling rather jealous but i am also delighted to be living in a time when a nine year old child in some parts of the world can read a thousand books a year if she he wishes and is able to,anger
i guess im just feeling a little rebellious,anger
i hadnt but i told him that it had to be coming soon because i had been feeling all of the symptoms crampy tender tired etc,love
i stop feeling so depressed and,sadness
when my boyfriend last told me he loved me after i gave him an impulsive kiss,joy
i feel constantly at battle like i need to continuously improve myself but then feel like nothing i do will ever be enough and that makes me feel chronically exhausted,sadness
im already feeling sentimental about his time as a newborn as he was so wee and has sadly outgrown some fave thrifted outfits,sadness
i find myself seeking and yearning for love and acceptance from people that can not provide it and then being disappointed when i am alone and feeling unloved and unworthy,sadness
i am wishful of gaining a feeling of responsibility from the planning of this event as well as commitment,joy
i liked knowing that i am not the only one feeling the way i do about job options the thing that i liked the most was i was able to find some career path and i found some interests,love
i feel numb the way a wound does before it really starts to hurt,sadness
i mean fuck i feel like i was way more considerate with customers and concerned about appearance and sanitiation snoozel pm but fine,love
i now feel like im finally in a position to decide whether to indulge in joyful jubilations and claim my free chocolate bar,joy
i feel super behind in all aspects of my life i need to read,joy
i feel the sweet red leaves,love
i remember feeling acutely distressed for a few days,fear
i kneels in front of the bed and lower his head above the older man s crotch and ni ya is surprised to feel tender kisses planted on his hips and inner thighs,love
i feel my strengths are that i m very determined motivated in the workout room,joy
im trying to go on how i feel hopefully next time i brave the scales i will have been good for a few days and will see a nicer number,joy
i feel hate whoever that love me or caring towards me,love
i do not feel like i am hostile toward others just that i fail to be nice to them,anger
i feel only love yesterday it brought tears to my eyes to hear him say that today i realize that it was why it was so special to be with them i was surrounded by love,joy
i feel for these kids because you know theyre talented but i think one of the things with the whole american idol deal is that they grab a hold of you and you do what they tell you,joy
i would just outright tell you what the girl book is about but i feel like you guys are so smart and so clever youve probably already formed some sort of idea of the themes and ideas this book is wrapped around,joy
i feel not loved i always get kicked around or shoved,love
i feel totally ignored and excluded,sadness
i left feeling defeated like nothing had been accomplished the day a complete waste of time amp energy,sadness
im wanting you to look at me that it makes people feel ok to ask questions,joy
i might be afraid to leave the house to nurse in public to commit to a social engagement or to wear anything that makes me look worse than i already feel so in honor of fearless friday i invite our newbie mom readers to do something that scares them,joy
i try to describe my experience in words it feels like trying to shove tender little baby feet into high tops that are too small for them,love
i was in the firm i feel passionate about what i am doing because it challenges my mind and intellect to solve some design problems and be around architects and designers really helped to create a conducive environment,love
i feel inside cause life is like a game sometimes but then you came around me the walls just disappeared nothing to surround me and keep me from my fears im unprotected see how ive opened up youve made me trust,fear
i feel if journalists then blamed me,sadness
i am just feeling that i really want to treat my parents nicely and i did it somehow as for him i need to be more generous as don t get jealous easily rawr i am a person with strong possession,love
i feel so cranky right now,anger
i still feel so alone i just cant give you anything for you to call your own and i can feel you breathing and its keeping me awake can you feel it beating,sadness
i feel so numb f,sadness
i feel a bit rotten putting a post about teaching into the stones tag list for this blog its not really a grumble or groan subject for me to be honest,sadness
i finished our drinks and left and i came to feel more and more sympathetic and bad for this old man to the point where im still thinking about it hours later,love
i like frappes and shit when im feeling naughty but i drink tea daily,love
i feel that this leads to not many people caring who get s the real job as sin cara,love
i feel so blessed to be apart of it,love
i knowing that to this day still makes her feel not shy,fear
i feel so restless so bored and im in danger of giving up on being good at work,fear
i know is that i personally feel like staying in bed sleeping hours of the day never working again in my life and maybe eventually taking up hot yoga or zumba or some lame housewife esque passion,love
i mean people are discussing things about which they feel passionate,love
i mean every time i have a negative thought or feeling or reaction i am going to consciously replace it with a positive one,joy
i also feel more welcomed at lush than any other job that i have had,joy
i tried it naked gardening and it feels lovely to have the sun on your back and to feel the plants while you are working in the borders,love
i feel treasured,love
i feel like nothing can stop me and sometimes i feel like so defeated,sadness
ive learned in this short journey thus far is i know when my body has had enough of sugar and fast food and junk even though those days are far and few between i start to feel lethargic,sadness
i posted on here and i m feeling very neglectful,sadness
i also were able to get appointment with the osteopath on the which is freaking awesome as it feels like i am caring a boulder in my stomach,love
when i saw my family after a separation of one year,joy
i feel stupid and incapable and i dont know what i want to do and work is stupid and only for the next two weeks and i m questioning everything,sadness
i met up with some friends to watch the hockey game and headed off to a local pub called pig and duke ate some parmesan truffle wings not sure how i feel about those and some prawn lollipops delicious but terrible name,joy
i have switched songs as that one was beginning to make me feel a little melancholy and who the fuck needs that,sadness
i feel absolutely safe a,joy
i feel all messy,sadness
i feel like i have to be a perfect person because trust me i dont want to be perfect,joy
im sure the bundle guys are feeling pretty generous this time of year,love
i was the new guy and you never know how people are going to react how theyre going to feel about you but everyone was really gracious,love
i honestly feel at heart we should be faithful to each other if its yo girl,joy
is eyes its questionable whether shes feeling gracious today,love
i enjoyed the feeling of belonging and the sense that i was recognised and somehow valuable,joy
i feel guilty for complaining about my life knowing that there are people out there who have it much worse than i do,sadness
i enjoy not feeling horny not craving sex,love
i feel very confident today on my front nine,joy
im also feeling a gorgeous nail of the day coming up with a concoction of these three when ive soaked my pale bod in some fake browness so watch out for that coming up very soon,joy
i feel less intelligent after watching this,joy
i had that feeling in a very very long while and i couldnt decide whether i liked it or not,love
i feel the energetics of the cinnamon tree is supportive for you as you on this journey of self awareness,love
i feel delighted to share it,joy
i wanted everyone no matter what their lifestyle to feel a little bit glamorous,joy
i feel like im the one to be blamed for all things,sadness
i wake up i realize that my panty is wet and i feel very horny,love
i feel like i should continue with the bridge lessons since continuity is going to be vital if i m to learn this game,joy
i feel the character im doing is a little more beaten down and the comedy is a little bit smaller,sadness
i understand that any of my extremely positive attributes and there are some are overshadowed by my weakness and subconsciously some people are wired up to feel superior to others and thereby treat them differently,joy
i feel that even though some bloggers are popular within one clique there are twice the amount of people who are jealous of their success but chooses to kiss their butt to fit in and triple who disrespect them for their pompous notoriety,joy
i am feeling in a generous mood and a mood of gratitude,love
i was planning to make cookies this evening but i am not feeling so good so i will do this tomorrow,joy
i feel like not caring,love
i am all about empowering women i truly feel that they are the more intelligent sex but what is enough,joy
i miss the way he made me feel im at a point now where ive accepted that he betrayed me and i can never go back to him,joy
i read these i am always very touched and feel so blessed,love
i feel like i am very passionate about youtube and so id quite like to explain why i think youtube is the next best thing for entertainment,love
im feeling at my creative best rather than that of a student who has a deadline to meet,joy
i was feeling remorseful about my breakfast and so i took a diet pill,sadness
i feel glad that justice will be served west said,joy
i feel like how i m pissed that i have to spend an entire extra year in school because of stupid biochem,anger
i feel so damn complacent,joy
i climbed a mountain and made my way to a village where the people stared at me the children looked frightened and ran away and everyone i came across asked me why i was there in such a way as to make me feel unwelcome,sadness
i feel so honored to have been a part of this year,joy
i am presenting here a few that we have managed to find which really clean your hair really leave it feeling lovely and really really won t irritate your skin,love
i take it easy even when i feel well kind of what stasia has been saying,joy
i didn t have feelings for them but seriously after a while how do you feel love for someone who treats you with such disregard i was faithful and loyal,joy
i feel fooled played and now relieved,joy
i love lots of different kinds of sports and love hanging out with my friends in my free time i also have an unhealthy up session with greys anatomy im feeling ecstatic about being in ty,joy
i began to feel sympathetic for khezef but i wasn t sure if i was right about him,love
i was fascinated by the ebb and flow of the water and stood there feeling content watching the waves,joy
i did see some things that i would never have done myself for the movie adaption but feel that if i did not read the book it would not have bothered me,anger
i feel impatient yet i am not fully sure what i am searching for,anger
when a very close friend with whom i have a very intimate and bodily relationship he had a girlfriend started to avoid me and didnt want to talk to me any more,anger
i stopped feeling bitter and sorry for myself and lost myself in the work my work started getting better or rather continued to get better,anger
i remember feeling as if i didn t belong and that i wasn t smart enough cool enough or even young enough,joy
i dont feel inhibited and i can work out my problems,sadness
i feel their energy i feel a joyful sweet enthusiasm for life,joy
i feel bothered,anger
i feel a lot of shame in not having many romantic relationships in the past,love
ive talked with her telling her that sometimes i feel shes not sincere,joy
i feel like i need to cry these past few days and it relieved me that i could cry that much of tears today haha,joy
i amos does such a beautiful job retrofitting cohens song and really his basic arrangement too with her own piano work that it feels to me like more of an artistic effort than merely paying homage,joy
i will be able to lay on my bed in the dark and not feel terrified at least for a while,fear
i am feeling incredibly generous i will allow mike to spoon for about minutes and then i start panic breathing and he gets the idea and rolls over to his side of the bed,love
i remember feeling how my husband felt when i would see people being rude to my mom and mom just being her sweet self to them,anger
i realize that i let a lot of things bother me that really shouldn t bother me at least to the extent that i am moved to feel this passionate bothered feeling,love
i am learning to step back and call it out to not be too proud to admit that yes i am feeling annoyed and yes i should tell you why,anger
i am limiting myself to what i can reasonably do without causing greater injury but i have to do some sort of physical exercise or i start to feel horrible about myself,sadness
i feel like im supportive of my friends and their endeavors and i dont do that for the sole purpose of having it returned but i often find myself thinking why am i having to beg for support right now,love
i got a shot of terbutaline which makes you feel shaky and makes your heart race like you just drank cups of coffee,fear
i think of or feel gratitude i think of my kind and gracious heavenly father,joy
i really feel that im the least talented person on the stage but somehow god uses my talent for his glory,joy
i present two photos of myself side by side and in one photo i remember feeling cute that day,joy
i got separated from the man i loved,sadness
i feel strongly that this year the lord is calling me to grow in discipline this year and to be faithful with things he has put in front of me,love
i returned home feeling invigorated and wanting more,joy
i will remember you as someone who i could feel so comfortable around,joy
i dontknow why but i never feel this way with anyone else i really cant be without linus i love him which i never thought i could ever love anyone after went through few fucked up relationship,anger
i feel no pain no feeling of loneliness but adoring love to gain i said i love you forever along with this love i bring,love
i feel so strongly about telling my loved ones,love
i felt a very distinct feeling that told me everything would be ok and that all things would ultimately turnout for my good,joy
i feel stunningly elegant tonight darling,joy
i have only felt it after a half marathon so i can only imagine that it feels twice as sweet for a full marathon especially the boston marathon,love
i was going for a sort of handheld cam feel lol that i was just delighted,joy
i bring this up because i am feeling increasingly nostalgic for a game ive never played,love
i also feel so awful feeling this way,sadness
i am feeling completely overwhelmed i have two strategies that help me to feel grounded pour my heart out in my journal in the form of a letter to god and then end with a list of five things i am most grateful for,fear
i still want to be a lady who likes ladies who does not feel inhibited to kiss another woman in public but i guess i will just have to disregard societal views that pertain to my sexual preferences and how i portray them,sadness
i never feel that popular,joy
i feel that the team at target has given me valuable experience and feedback which i will use constructively to help me both within my studies and in the future,joy
im just feeling seriously pissed off at myself for doing something fantabulous but utterly stupid,anger
i was completely naked and feeling horny,love
i feel satisfied and not necessarily just forget the pain that she felt,joy
i love doing kim kardashion make up tutorials i always feel so glamorous with all that make up on,joy
i am totally enamoured with this dress it is so flowy and lovely perfect for a warm summer day it feels really romantic and springy and i am so so excited to show you all,love
i am feeling it and it s really ok,joy
i hate to say it but i felt a tinge of this same feeling last week as i watched my beloved red sox fall to the tampa bay devil rays,joy
im feel especially affectionate toward and blessed by r shannon and the other close family friends who made my birthday very special,love
i feel slightly like a traitor admitting that i really liked the new place,love
i was eager to know why i was feeling unhappy and unsatisfied,sadness
i do not know what my next steps are but i no longer feel lost,sadness
i feel slightly emotional watching it,sadness
i am going to miss running over and putting my hand on your belly to feel my sweet holli reese kick,love
i feel which is glamorous and my little lacy bottoms have a tiny g string underneath,joy
i feel more satisfied with what i eat i feel full longer and i dont feel like snacking later,joy
i feel that it is my duty to athf and their devoted fan base to show my support,love
i feel sure a new necklace will come from this afternoon of beach combing,joy
i feel like a delicate fragile vase,love
i feel like ive isolated myself from regular relationships,sadness
i feel nostalgic a lot more than i felt after passing out of the school,love
i started to feel butterflies in my stomach and my body starting to get hot,love
i feel that the director editor missed a teachable moment when tiphany makes her comments about it being nice to feel like everyone else,sadness
i still feel fine but i can tell i am getting weaker,joy
i feel relieved because finally i can move on without a single tear shed,joy
i feel virtuous for a few seconds when i reflect that i did spend something when i went to the swimming pool working towards personal fitness yes,joy
ill be honest i feel almost as relieved now as i did when i first found out i was getting book published,joy
i woke up feeling positive i was totally in the mood for doing this and this evening i feel the same i had a banana shake for breakfast a chocolate shake for dinner and a sunday roast for tea,joy
i wish i did more of because every time i do i come away feeling invigorated and inspired,joy
i murakami but the first that i feel captures what makes him so beloved by his fans,joy
im tired but i feel fabulous and i am so freaking proud of myself at this moment for continuing to push myself to train and to get so far out of my comfort zone,joy
i sorta feel like everything is so delicate right now,love
i feel that it is dangerous to portray angels as walking the earth and intermarrying with humans,anger
i feel defeated like a lion s prey,sadness
i feel horrible that i had to cancel on one of my best guy friends but the trip was stressing me out because my babysitting hours got cut and i couldn t afford it,sadness
ive been comfort eating because im still feeling rubbish and i havent bothered to log most of it so theres no point checking on my food log yeah i know some of you do that,anger
i realized what i am passionate about helping women feel accepted and appreciated,love
ill feel a little more sympathetic towards them but until that day,love
i feel i know myself well enough to know what i will or will not do can or can not do what can be tolerated or not,joy
im feeling strong healthy motivated and just overall positive about everything,joy
i go home i feel so empty,sadness
im postponing feeling virtuous about this labor,joy
i feel like there is a fragment sweet scent hang on my tongue it instantly disappear as if saying i was paranoid,love
i was feeling amorous,love
i feel slightly naughty holding this cd seeing as it doesnt officially release until tuesday,love
i read cases of sons ignoring their old and helpless parents i feel very unhappy and sad,sadness
i feel sympathetic enough to call him off,love
i cant totally defend her the woman wanted to be famous and nobody around her seems to be able to tell her how to handle fame britney leave los angeles when you can for starters but i am starting to feel a lot more sympathetic toward her,love
i feel as though im supposed to be sympathetic but im having a hard time feeling that way im finding the repetition more annoying than anything else and im afraid its showing,love
i did feel sympathy for him and liked him more by the end of the story however i dont feel that enough time was spent on his turn around,love
i hope that you feeling fine well i wanna say happy birthday and that you realize your dreams and you always be happy because you are a perfect person and you deserves the best,joy
id feel completely lost without him,sadness
i feel it is my solemn duty to share this divine knowledge of mine in order that others may benefit from it s truth and beauty and render their world just a tad closer to thearchitecturality that utopian perfectly set garage society to which we all strive,joy
ive always longed to feel the beloved tenderness from a father,love
i am feeling a little nostalgic about it,love
i felt out of control i hated myself for feeling it then felt more out of control hated myself for hating that i hated it and it just got worse until i was walking to work in a haze trying to not curl up on the pavement and just,anger
i feel christmas more special than ever,joy
i had ritz crackers in my desk drawer because theyre something ill eat even when i feel crappy and or dont feel like eating,sadness
i feel this violence is petty and impractical,anger
im not used to feeling the dependency or the neediness for being needy is not me or at least wasnt prior to recently,sadness
im feeling a little anxious about the whole thing,fear
i have come to a place in my life where i feel having a romantic partner is unnecessary,love
i could prepare a bunch of my own dishes made in the safety and control of my home so i can at least feel safe in what ive prepared,joy
i know exactly how put out you are and feel like it is only really acceptable to foist that inconvenience on family,joy
i feel like getting away from all the friendly tasty goodness that seems to abound in santa cruz including the unseen ambient pot smoke that always makes me so lazy i swear when i visit the laid back town a visit to the university s university of california santa cruz renowned a href http www,joy
i feel like a tranny a lot of the time a title blake lively feels like a tranny href http www,joy
imdoing good and its almost strange to feel carefree,joy
i was impressed with how dunham portrayed hannahs whole experience from trying to deny that its happening to feeling offended when you feel like someone is trying to minimise the distress its causing you,anger
i feel scared anxious,fear
i am breathing well and feeling quite lively and upbeat,joy
i feel with aconfident heart i can be the overcomet that god wants me to be so i am eager to learn,joy
im feeling generous this morning i will share them with you,love
i am feeling a lil bit gloomy,sadness
i feel like the people that disliked it the most,sadness
i feel i have no hope of supporting a family and purchasing a house in vancouver,love
i feel rich indeed,joy
i pay godaddy for the privellege of having a domain i feel im also supporting their efforts to get this bill that i vehemently oppose shoved through,love
i feel horny i feel horny anyone wanna see me,love
im also feeling gracious and i want to bless you with a few more old tried and true family recipes,love
i do not agree with hirsi ali on policy matters and i do agree with much of what ingrid writes by contrast but having grown up in a country for which i feel little love and with the culture of which i do not identify in the least i can t help but to be sympathetic to her,love
i wanted it to feel special for all the guests that alise and jeremy chose,joy
i feel amused when i hear my neighbour use the word muze instead of mujhe and hey kay becomes zay kay,joy
i try to only buy fabrics that i would use in a project or that i feel are really fab,joy
i feel like as a creative professional you need to have that unpressed creative outlet to get re inspired,joy
i feel a little loyal toward her because her father used to work with mine until they both retired,love
i feel like my fear of end times is gone and i am honestly longing for home more than i ever have in my life,love
i suspect i was also dealing with caffeine withdrawal but i think i have now figured out a system of eating which works well for me and i feel fab,joy
i wanted but knowing nothing about it i stepped into the candyland of make up looking haggard and left feeling radiant with a bag full of products of course,joy
im feeling quite cold actually,anger
i feel can be really popular in the underground if they get themselves out there and thank god for this i m looking at you toby and tunji,joy
i cannot thank you enough for always finding a way to make me feel better,joy
i feel if not resolved soon enough will have a damaging effect on all the hard work my girlfriend and i have put into our relationship,joy
i was feeling a little like a cold was coming on,anger
i feel tender cool and relax after enjoying these wonderful masters,love
i would like to reduce the amount of jealousy i feel god commands us not to be jealous and i feel that every jew religious or not should obey that prohibition,anger
i started to feel discouraged at the thought of being there more than one day,sadness
i love comments so feel free,joy
i read in one horrific sitting made me feel ashamed of the world we live in,sadness
i was so traumatised by the pestilence that i was feeling quite delicate and couldnt cook so we had to buy expensive and unhealthy convenience foods from the supermarket in order to avoid starvation,love
i am i feel like it s important to keep on taking a critical look at ideas like these to make sure that they stay grounded in reality,joy
i needed to clear my head he tells him and sighs when he feels gentle fingers in his hair,love
i feel so terribly that i have ignored her sweet email up until now,sadness
i did feel slightly weird in that costume,fear
i feel this triumphant pride as i stand at the counter like i am achieving some high level male honor because i am a female doing this a redhead to boot,joy
i feel betrayed where i serve and fellowship by no fault of my beloved pastor and c pastor,love
i mostly take the stairs there are of them but occasionally when i am feeling particularly lethargic because of a number of consecutive late nights i bow down to ease and convenience,sadness
i feel like even though i dont buy into societys ideas about what a woman should look like i am still constantly unhappy with myself,sadness
i want to avoid feeling disliked,sadness
when my last years second semester results came through i was ecstatic,joy
i feel tortured by something,anger
i feel this way as this version of myself gentle gazing i realise something over and over again,love
i said something familiar such as i would love to be present with you now and i feel too anxious about time,fear
i started feeling festive a little early this year,joy
i could feel the radiant heat of emanating from her naked sex reaching longingly for the probing tip of my hardness,joy
i feel we should not be supporting these rebels in a violent manner at all and particularly not give them weapons or funding,love
i feel like i had so much to write then got distracted by my home on a wednesday evening challenge and have therefore lost my train of thought,anger
i feel like a failure of a parent which add that to the emotional rollercoaster of having to have an unplanned c section and well some days i feel like i have just failed from the beginning,sadness
i am very i feel very privileged having said all that i am very privileged,joy
i feel that now i am a lot less irritable than i was before,anger
i continue to add more so please feel free to explore and let me know what you think,joy
i feel relaxed and comfortable,joy
i feel that i am not accepted and am forced to hide this part of who i am,love
i can see a dramatic improvement in my skills on the dubied already and feel that with practice i could produce lovely work in the future,love
i am still feeling a little remorseful that we didnt just break down and buy it,sadness
i think we i can get caught up in the nature of being busy of feeling the need to fill each moment with industry of some sort of occupying blank spaces with effort and chores,sadness
i feel like more people should be brave enough to speak up against the non standards of the self publishing market because all the authors i know work so damn hard and they deserve better,joy
i was stymied a little bit as i wrote feeling unsure that i might go somewhere with the story unintended,fear
i write when i am feeling happy and childish,joy
i smile people smile back and tell me they feel a little cheered up seeing me being jolly in the morning,joy
i was tempted at first to name one of the many projects that the archdiocese has underway that i feel very passionate about like the restoration of saint patrick s cathedral or the strategic plan for our excellent catholic schools,love
i want to say that i feel as though i dont play a really vital role in anyones life with the exception of one friend,joy
i feel so helpless right now,fear
i want to say how i want to feel just come out so bitter and angry,anger
i really like it i feel so nostalgic watching decade as i remember a lot of the hesei kamen riders,love
i am writing this at a time when i have also had an upset with the only real parent i have had almost constantly in my life and when theres no brothers and sisters around either i am an only child it feels kinda lonely,sadness
i should not have to feel this way in a nerd convention i am a nerd and i should feel accepted and comfortable in that setting,love
i get the feeling shes amused by all of this,joy
i dont know i feel all mellow and normal and good,joy
i feel like my very essence is no more and work has drained my soul hopefully soon i will find my escape from work into a better path as i seem to be stuck only the cliquey get to move on and i do not want to roll like that,sadness
ive had to harden my heart to toughen my skin in order to truly protect myelf from feeling utterly devastated,sadness
i sometimes feel disheartened when i realise just how far from my own culture i am,sadness
i notice myself worrying about him i push that feeling away and replace the thought with something positive or remind myself to let go its out of my control,joy
i dont know how to explain to you all the emotions that i felt at that moment but i can assure you of one thing i didnt have to convince myself to feel passionate about dominican republic,love
i feel less keen about the winston churchill quote really i feel less keen about the winston churchill quote a href http www,joy
i went ahead and did the shooting afterwards a few of the guys asked me to go out for drinks and i agreed i knew i should have rang you tried to work things out with you but i was angry and feeling stubborn,anger
i feel so fucking horny,love
i have been stumbling into quote after quote urging me because i really do feel they are meant for me to do away with my hated day job and dedicate my efforts to what matters most,sadness
i could feel her eyes on me hot on my skin,love
i feel very passionate about sharing my story of our family with you,love
i feel longing in myself or see it in others it rises up as a need that will never be quenched a desire never to be extinguished,love
i have a feeling that the smell is not going to be pleasant,joy
ive been more vocal about how i feel what i think and am convinced that i will not let anyone walk all over me or let my opinion not matter,joy
i feel ashamed to have not read it yet,sadness
ive had a feeling of being satisfied with the performance of my car,joy
i remember feeling a little jealous and realized that our time together wasnt solely about me but that he has a larger network of social interactions all ready in progress before i got there,anger
i hope that one day they feel as strong and optimist as i do right now in my life,joy
i get home i laze around in my pajamas feeling grouchy,anger
i didn t see anything but as i touched i could feel that your body was so delicate,love
i love female vocalists though admit to feeling slightly embarassed of the femininely romantic theme of this piece,love
i also feel i do not deserve anyones sympathy or help or caring because i do not feel worthy of anything,love
i feel like i have been really cranky at school these days,anger
i overslept and the hangover kicked in mid morning im still feeling extremely delicate,love
i actually feel like everything is going to be ok,joy
i feel all will be ok and that the blessings pronounced upon me will be realized in accordance to my faithfulness,joy
i feel terrible about the lady driver though,sadness
i just want to show them that i can take care of myself and i feel wronged by staying with them,anger
i just wanted to feel beloved at that moment,love
i feel so delicate around you,love
i will continue to struggle with experiencing normal feelings and the sense theyre chipping away at precious time,joy
i feel that he was desperately fond of me,love
i feel a creative mind brings more diversity and new thinking to any job,joy
i was using it to vent out ugly feelings and be vicious and nasty rather then deal with them like an adult,anger
i feel was not acceptable and had this been better would of allowed me to meet the needs of some of the students in a more targeted way,joy
i found is that feeling worthless is a waste of time,sadness
im feeling so broke right now but i loved every minute of it,sadness
i feel like if we are longing to hear god hungry to see him and looking for him in our lives he will reveal himself through many and any manner possible,love
i know how that feels hermione said in a surprisingly sympathetic voice,love
i am glad to know the reason for my recent lapse of sanity but i still feel like i want to go on a very violent rampage at the slightest inconvenience to me,anger
i am feeling so much love for my own mother and appreciative of all that she has done for me,joy
i was left feeling bothered by it for a long time afterwards,anger
i feel more truthful than usual these days,joy
i struggled with feelings of guilt as i took very gentle care of myself during my recovery and sometimes even now,love
i ate great and whats even better is that i feel terrific,joy
i feel very unhappy and incomplete,sadness
i feel i have been too damn considerate of others in the area of interpretations,love
i was feeling very anxious this song came on the radio as soon as i got in the car,fear
i love it when i feel hot and beautiful and sexy,love
i started to get this feeling of longing when i looked at the quilts on display,love
i may resurrect when im feeling more generous i did an all too lengthy series on a history of my celebrity crushes,joy
i was feeling overwhelmingly anxious so i went into my room to read my bible and pray,fear
i do feel sympathetic to the parties involved now that their careers are down the drain,love
i execute the trick and work my dishwasher magic i feel so clever,joy
ive taken yoga classes for years but for the past few days i was feeling very anxious abou,fear
i visit cantina i leave feeling that the food is lovely but not always worth the price,love
i get a little twitchy when i feel like someone is depending on me and i have to have a flawless job done in the end,joy
i decided that i was feeling so horny that i would have to do something before i burst,love
i need to do the best i possibly can do and even when i get out at i feel too listless to study like right now,sadness
i received a lousy results slip ive decided to retain i had the worst first few months in school i made friends in class friends who made my life easier in school who made me feel more accepted in the class,love
i start writing i feel affectionate interested and frustrated,love
i feel like im back in my element and very pleased to be surrounded by adorable tiny garments,joy
i was uptight today over work issues but when i saw him all my tense emotions dissipated coz all i felt at that moment was this warm fuzzy feeling that feeling i get when im laying with him on my bed in a tender embrace and i plant sweet kisses on his cheeks,love
i still love to run and plan to keep it up but i don t want to once again register for so many races that i feel like every exercise moment needs to be devoted to running,love
i feel that being faithful isnt enough in your eyes,joy
i feel a lot more confident about the path ive chosen,joy
i missed the blessing of god s providence the feeling that god was caring for me and protecting me,love
i feel like im being a terrible person and that hes going to hate me for thinking these things,sadness
i like them because i feel working on these puzzles helps him improve his fine motor skills and teaches him how to follow a set of instructions in order to make something,joy
i feel extremely insulted,anger
i feel like a kid that s been naughty,love
i dont think my desire level is too much to bear but i feel unwelcome,sadness
i feel all kinds of excitment bacuse i really enjoy art and i hope my art will generate some talk amongst the loyal and the passerby,love
im supposed to feel sympathetic to a child killer,love
i didn t feel intimidated or overwhelmed with information though,fear
i hi tech color club holiday splendor sally hansen cha ching kiss silver glitter i was feeling a little festive tonight so i decided to,joy
i am sorry that you feel i deserve to be blamed for the friends i pick all of which are better then some of the friends i could be hanging out with getting high and drunk while underage,sadness
i feel like were all pretty supportive of each other,love
i invite him to send me an email detailing all the ways he feels that ive wronged him and i promise to post it unedited outside of names or what not in this blog,anger
i feel like we are pressured into being young beautiful thin and depending on the trend having the girls rejuvenated or butt implants,fear
i could look up the coordinates of the cave but im feeling adventurous and decide to find it myself from tibris directions,joy
i feel agitated and empty and missing something,anger
i feel humiliated by what my body can t do but when my husband makes advances towards me it reminds me that despite all that ra tries to take from my life he still finds me not only sexually attractive but beautiful,sadness
i feel really horny when i wear them they hug my c k balls really nicely,love
i never feel shy to call or send a billion text messages to and i wont be bugging her,fear
i devised myself rather than had suggested to me the flower distribution and im esp pleased as i bought the flowers when i didnt have my bank card it feels much harder to be generous when having to be especially careful with money and im now wondering if that was the lesson of losing it,love
i completely feel sympathetic for my children that suffer mentally because life is just too over stimulating,love
i asked this person how she was approaching this issue the answer was oh i m being very specific i m saying even though i don t feel loved i deeply and completely accept myself,love
i feel that youve got to be fearless as an artist because there have been times when i think im the only one who believes in me,joy
i stopped feeling as clever as i had felt having no memory of her having done so,joy
i have this insatiable desire to plant and clean and i m feeling a little bit amorous,love
i do now as compared with years ago is that i no longer feel i have to be accepted by others only those who matter to me,love
i can stay awake whole night feeling all energetic and stuff,joy
i feel ok lol,joy
is only friend made yuuki feel special,joy
i feel ashamed that i so readily turn it aside,sadness
i remember feeling excited about that particular day because i considered myself a grown up and woop,joy
im feeling so invigorated and ready for whats ahead and very excited to share all that information with all of you,joy
im feeling generous i am gonna tell you about another cool blogger,love
i always thought that if i contracted something from one of those people and passed it on to him that i d feel awful but after i got the sti test i thought i was basically in the clear,sadness
i feel so contented just by relieving the scene in my mind,joy
i was feeling horny so we let her in,love
i feel shy about it all and also a little concerned whether my new title will distance me away from people i care for,fear
i love this little boy and sometimes i feel how inadequate i am as a parent to him,sadness
i can feel passionate about taking a stand and maybe understand that this one as yet to be chosen issue is worthy of my time and efforts,love
im feeling awfully spiteful right now,anger
i feel embarrassed to talk to him at times because i feel very small in those moments like he is doing me a favor and i do not deserve to be given attention,sadness
i plodded through this taking far too long but feeling rather virtuous,joy
i feel like buy to play is the most accepted model by consumers at large,love
i can never seem to get on the good foot and i feel so crappy,sadness
i feel naughty a href http www,love
i even dare to say that some of the biggest stiller and or vaughn haters still could get some enjoyment out of this movie and not feel annoyed by their performances and characters,anger
i feel like not enough people my age actually think that most are pretty devastated that their s have come and gone,sadness
i do my best at making sure my husband feels loved important and cared for with my whole heart,love
i remember feeling so calmed and at ease because even though we had just a few minutes of good light i felt your confidence and determination to get the best possible shots and that made all the difference in the world to me,joy
i feel like im not pretty enough like my personality is too boring and obnoxious,sadness
i dont sleep more and i am still waking a am but what this does is help me get off to sleep quicker and i feel like i am going into a deeper more relaxed sleep,joy
i miss feeling pretty and delicate,love
im feeling horny right now,love
i feel that artists should be supportive of one another not stretching to find ways for others not to be able to express themselves in their love of art too,love
i mean not one i feel that it is my duty to help all of our loyal readers of hb understand the world that is going on around them,love
id never do but i woke feeling stressed,sadness
i don t doubt that i m right in this case because i feel that you are a faithful gamer,love
i always feel i always understand that the people who are being the most hateful and harmful towards me are hurting themselves and taught wrongly and i hurt for them because i want to go back and undo the pain and childhood bigotry that binds their lives into this path,anger
i know if ive been feeling quite nostalgic these days and have spent a huge amount of time looking back and remembering,love
i have asthma and when i can barely breathe when it s hard i feel very shaky and weak i feel like not doing anything but lie there helplessly and i feel like collapesing i did so much reseach and i got nothing,fear
i can feel from here beloved your fragrance,love
i never feel ecstatic or bouncy or anxious,joy
i feel my hands being weaved with yours such delicate intimacy being shared by the hands of two people who shares so much secret for the world to be mystified,love
i feel like a hot mess and i probably am,love
im starting to not buy the whole everything happens for a reason bit or god has a plan b c i feel that god is love and theres no way that he would torture me and other women like weve been tortured dealing w fertility issues,anger
im feeling particularly dangerous a chocolate cookie,anger
i feel completely drained physically and mentally worn out,sadness
i wanted to create this feeling of longing and sadness,love
i stay up and feel foolish,sadness
i feel ecstatic relived and most of all from the bottom of my heart truely grateful to,joy
i it did not feel the positive contribution of these innovations may still be worth considering the adjustment of the economic and financial structure of the whole society and improve labor productivity,joy
i feel truly impatient that this is taking so long,anger
i feel that is why she suddenly got mad at mom,anger
i admit that in the past ive done a lot of time scoffing and feeling superior to christians,joy
i cant help but feel a little humiliated,sadness
i have to take jenny in to be spayed so of course im feeling nervous and guilty,fear
im not really feeling it so far though i think i liked the film better,love
i feel like i ought to be working on casual activism but that construes something that is potentially stressful so there wont be any update tomorrow,joy
i feel like as much as it was an unfortunate situation that i wasnt with my father i was in a great place,sadness
i do not need to shower a child with gifts to feel like i am caring,love
i feel todays schedule was an aching am to pm backed up by a mere hours of sleep one sandwich and tall espresso,sadness
i am reminded that this heartache im feeling is a gentle nudge,love
i feel i am more blessed than i can ever say,love
ive been struggling lately whenever i feel like saying something between having a reaction to myself of oh julia youre so clever and witty,joy
i feel so annoyed,anger
i cant imagine the agony those folks feel waiting for news about their own sentimental things,sadness
i was just feeling needy,sadness
i feel fucking terrific after,joy
i have realized that by ignoring it i am no better and it is heartbreaking to feel so helpless against it,sadness
im feeling discouraged i can look at that and remember i can achieve the goals i set for myself and i can always surprise myself with successes,sadness
i feel like its become socially acceptable to allow traditional views to be threw under the bus without a fight because youll offend someone if you stand up,joy
i feel the divine presence merge into mine,joy
im feeling generous ahahahaha im so morbidly funny,joy
i was feeling groggy and super tired during most of the fall we ended up staying home for thanksgiving instead of making the hour trip to see jimmys family,sadness
i woke up monday feeling like crap and blamed it on the weather,sadness
i get the feeling that i m doing something naughty,love
i feel rejected and unwanted,sadness
i feel really naughty and wicked today,love
i resent people shaming me and telling me how to feel a more productive alternative give me the facts and let me think for myself,joy
i have spent the majority of my life trying to change how i look in order to feel accepted by others to feel loved by other to feel better than people around me because in my mind my physicality is the only thing that i have to offer,love
i a href http feeling groggy,sadness
i feel like i smell pretty after i use it,joy
i can t feel saddened or that i should just stop caring,love
i feel a bit like franz liebkind in the producers not many people know it but the fuhrer was a terrific dancer,joy
i feel her longing to be touched and all that but really with the guy who wanted to control you and make you kill other people,love
i feel like i was a naughty girl and should have said no way,love
i am feeling romantic on this beautiful summers day rel bookmark permalink,love
i don t discuss even my feelings for beloved with anyone,joy
i start to feel like im getting over the death of my beloved cat timmy and when i get used to the idea of only seeing my mum maybe twice a ytear from now on and justwhen i start planning for my futrue and happy timesa ahead i start efeeling like this again,love
i may feel relieved or satisfied but i am probably not having fun,joy
im sitting here in the belmont library listening to hold on tight by electric light orchestra feeling a bit of discontent,sadness
i feel fabulous about it,joy
i am excited i hope they will be a it more personal with us and i wont feel like i am being rushed in and out,anger
i feel hated and not wanted but just be an ignored,sadness
i am being selfish but i feel like me trying to make him horny is redundant because he is always horny and i feel like he should try harder to make me horny,love
i usually love winter but am feeling a longing for spring,love
i out of all people really dont have many proplems talking about how i feel that being said i am in love so after all i have bitched about the last months was in vain,sadness
i begin to feel burdened by things amp long to be empty again,sadness
i feel my brain damaged are getting worst for dis moment,sadness
im feeling melancholy with all the back to school stuff today,sadness
i was feeling extremely horny while out of town visting some friends of mine in south florida,love
i know im probably preaching to the choir on this one but i feel very passionate about the health and well being of my american friends who i love dearly,love
when my mother kept me in leadingstrings,anger
i always feel as though it is my role in life to be supportive to my friends as an example of joy and fun to remind them that life is good that we are good and that when they and we are not we can strive for them to be so,love
im feeling lousy i may dismiss a gorgeous day if im feeling bright and cheerful then the most dreary of days becomes tolerable,sadness
i want something that is personalized where they can appreciate and at least feel that i am for real sincere in giving them,joy
i look forward to continuing this challenge and feel so appreciative for the boost to get my nutrition on a healthy track especially for my pregnancy the most important time in my life to be eating healthy,joy
i feel confident that my issue is being regarded with the highest sense of urgency,joy
i have to leave my hair alone now if im feeling impatient,anger
i feel like i m that dirty trash bin on the streets that nobody really sought,sadness
i feel its gonna start aching again when the rainy season comes again next year,sadness
im feeling festive tonight,joy
i really started to feel that the ica was an association worth supporting and maybe something that id enjoy being a part of,love
i feel that there is a lot of me that would not be accepted if only the emotional side of me is wanted,joy
i feel a longing to call my mother to tell her how sorry i am that i left home early,love
i didnt feel the cold up there because we had a fire every night,anger
i lauper s that starts with the line time after time which she would sing going down the memory lane and feeling nostalgic,love
i feel very privileged not only in being able to share in her artistry but knowing she has my back,joy
i just feel disappointed for losing he said,sadness
i actually feel hopeful today,joy
i feel his loss too chakotay reassured then silently approached her and enveloped her in a hug,joy
i guess the good news is i feel calm now i think i just needed to get this off my chest,joy
i havent worked out today but i feel like im just not going to feel it ive been so stressed at work and just in life that this week is just bad,anger
im not sure jeremy will be feeling quite so friendly later when luka a href http blog,joy
i feel like you will be completely satisfied with the results,joy
this happened when i could not get into the school i had initially wanted,anger
i feel inspired to make some of the christmas presents im giving away,joy
i listen to it a feel peaceful and happy and who couldnt use a big dose of that in their lives,joy
i remember feeling very very violent and very disgusted the oscar winner tells access hollywood,anger
i began having them several times a week feeling tortured by the hallucinations moving people and figures sounds and vibrations,fear
i feel supportive over chinas copyright violations if only for machiavellian reasons,love
i feel everything around me is fucked everyone around me is falling to pieces,anger
i felt the sadness and remorse we are supposed to feel when we realize we have wronged someone corinthians,anger
im really not feeling that passionate about this one,love
i tried to explain what my lyme and coinfections feel like i guess i could say it is a horrible painful nightmare that just won t end,sadness
i look over and to my utter horror i see a man holding the elevator door open instead of feeling terrified or even telling the guy to get off the elevator i imagine the elevator chewing on him like a metallic pacman not pacquiao the other yellow guy,fear
i guarantee that if im dizzy or feeling like im going to vomit for months i am not going to be a very pleasant person,joy
i feel like i m a doomed gladiator in a stadium constructed of cardboard and copies of romeo and juliet and the outsiders are screaming for my blood,sadness
i am keen to incorporate more use of recovery tool and i feel that as a tool this can useful in allowing patient control over their mental health,joy
i was feeling so carefree and wanted to go and have some fun,joy
ill be happy to take his money when ever he is feeling generous enough to part with it,love
i hoped to get from her this weekend in an attempt to not feel so utterly isolated inside ambleside with the curtains firmly closed on what was the warmest sunniest day of the year so far,sadness
i feel just insulted,anger
i continued to feel very submissive and continued to be aroused as well,sadness
i get this strange feeling that even with people with whom im friendly im some sort of intellectual target which is getting rather annoying,joy
i still feel like a kid eager to blow the candle open gifts and all that good stuff,joy
ive been thinking about what it is that drives me not only with fashion as pretentious as this is gonna make me sound i am studying fashion design so i do feel its kinda vital to understand what im trying to do there but in life as a whole,joy
i don t feel depressed for lack of a husband all the time,sadness
i feel pleased that i will resist it till i get these next four night shifts over with,joy
i feel like i have had a sweet tooth this week,love
i need to get a job but due to my very silly head i dont really know what i feel passionate about anymore nor do i know what drives me,love
i watched his face contort in sadness i began to feel regretful of my actions,sadness
i always feel quite smart when wearing this,joy
i most want to do better think harder feel more and be more tender,love
i like listening to hardcore sxe music its the one thing that lets me feel rebellious while not chocolating out or spending till its gone,anger
i watched firefly and serenity again lately as id given up on it with mixed feelings before and it seems to be quite popular,joy
i do struggle i dont get anxious instead i feel that much more determined to succeed,joy
i basically spent a miserable night crying and feeling terrified and sick to my stomach,fear
i feel so elegant so marvelous so irresistible in this frock that i will endure the discomfort,joy
i still feel ashamed that i live in a world of people who dont know how,sadness
my roommate was rude to me,anger
i wont lie im a little worried and nervous and i feel inadequate for the job but ill just do my best thats all my heavenly father wants of me,sadness
i feel your loving presence everywhere,love
i feel hopeful and will do my best to give it a go next week despite having dozens of final assignments to mark,joy
i feel so honoured and luckily for me i get to post cards,joy
i feel kind of alone and helpless in,sadness
im feeling low and forgotten,sadness
i like it on croissants when im feeling naughty but just eating it alone in a bowl or on a bed of lettuce leaves is satisfying too,love
i believe people who use fulsome manners only for social reasons they aren t on the top of the scale of human evolution and i feel hurt by their fake behavior,sadness
im feeling hideously guily and somewhat naughty doing this in work time,love
i no longer feel happy to score well,joy
i feel like hopeless helpless worthless scum,sadness
i feel glad i can still teach him at home myself,joy
im feeling a little romantic,love
ive been judged and looked down on more times that i can count for being too many shades of grey having too many feelings and being too gentle in a world that will walk all over you given the chance,love
i hated the day job and after a few months of feeling like i was being cosmically punished for doing a good deed i was getting ready to quit when i met the woman that would become my wife,sadness
i was feeling pretty triumphant i had held a little conversation with the cashier and she didn t realize i was deaf,joy
i was stressed about my job search and apartment hunting and i was just feeling overwhelmed with everything that was going on,fear
i feel romantic when i wear it under my raphael coat,love
i am now feeling delighted to have a bigger definition of magic,joy
i am feeling so low lately just feeling of hopelessness is very disturbing making me tired and sick entire of living this kind of life,sadness
i hope that this does not deeply affend anyone but if it does than maybe you know who i feel now after years of being a faithful catholic to be told you are going to hell anyways because of what you do in the privacy of your own home,joy
i m being reserved kind i feel so loads and loads and loads of mood swings i am not caring eh,love
i feel like this may be a delicate situation and whatever choices i make this weekend could potentially have a big effect on my life,love
im not feeling outgoing and am in no mood to put the game face on and smooch,joy
i realized now that i lived my whole life loving some ppl who now i hate the most cause they alll have changed they all became veryy tough ppl after i got used to feel their tender touch in my life,love
i feel like everyone who will be caring for zach in some way needs to be at least slightly educated in what is ok and what is not,love
i have a feeling its the kind of thing logan would have admired and hes the last person on earth would have ever betrayed that trust,love
i feel assured that it was the right answer,joy
i go to the range i feel like im like russell crowe in robin hood or merida in brave,joy
i can breathe his scent the first time i will feel his embrace if only in a friendly hug in five years,joy
i sometimes feel nostalgic happy restless angry all at the same time,love
i finish typing this post i realise i m ok no longer do i feel annoyed angry or even sad,anger
i lapped it up getting applications from each of the sachets gave me enough of feel of it to decide that i really liked the product and then this little ml tube of another rose night cream came along and again ive been lapping it up and loving it,love
i got my eyebrows waxed the other day and i feel glamorous,joy
im feeling it now my soul cries it aches for your laugh that sweet melodious voice it pains my dear,love
i feel very needy,sadness
i feel so special amp blessed to have my caring amp creative family,joy
i feel this helps create rich texture and a touch of mystery to an outfit,joy
i didnt know what it was but i then went home to later experiment so that i would feel accepted but as i experimented i learned a new feeling the feeling of greed,love
i feel extremely fond of comes an avalanche of anxiety,love
im constantly feeling alone,sadness
i feel sad and discouraged,sadness
i hope he makes some friends and feels welcomed,joy
i can feel that gentle rhythm imprinted on my skin i vibrates up my arm my stomach clenches my legs squeeze i forget his own leg has somehow ended up between mine,love
i got a feel that the actors were very physically talented and skilled at presentational acting but had done little to no research into the backgrounds of their characters or that of wilder,joy
im feeling a little stressed over it already,sadness
ill be thirty next year and im feeling positive about my life and the choices im making and the things that im putting out there into the world,joy
i think like all australians i know the image so well it will be interesting to see how i feel when were there and yes lovely kay we are going to view it at sunrise,love
ive been feeling very mellow this evening,joy
i cant explain how i truly feel but some words that encapsulate some of my me ness currently ecstatic happy bouncy relieved energised in a mood to dance wanting chocolate wanting to socialise right now smiley and about here i lose words that express but bah so emo,joy
i also get to feel proud of my weight loss which when completed in a few months time i will have lost around kg which is approx pounds,joy
i reckon this is fair enough yes the queen is their monarch but they are so geographically removed from her and her presence that i appreciate that many australians may feel more loyal to their country and own communities than to the queen herself,love
i wake up feeling cranky and out of sorts,anger
i feel that i am neither of those two types i should be a sheep type of boyfriend that kind of person who is gentle likes to take care of people and of course hopes to be taken care of many times as well,love
i blanked a little on a lesson and she seamlessly jumped in to support me without making me feel stupid or inferring it to the kids,sadness
i feel so emotional reaching three finals in four years,sadness
ive been feeling passionate about local business lately and i do like to walk through consignment stores and second hand shops just as much as i enjoy goodwill,love
i feel like one of those girls in school that i hated because their outfits were perfect everyday because they went shopping once a week,sadness
i am trying to work on finding the joy in the simple thing that god is finding joy in my obedience to him even if it doesn t feel very joyful in the way that i am used to,joy
i feel no joy no pride there is nothing to be admired in that foul achievement,love
i feel like this product is supporting both my immune and cardiovascular systems,love
i feel accepted for who i am,love
i was thankful for a slow sunday because i was not feeling so hot,love
i feel very lucky and it is nice to be able to buy some lovely resources for the little ones i care for,joy
i wasn t feeling hot i knew that i needed to cool my body temperature and drink more fluids,love
i just went out into the garden and you can feel its hot but the wind is ridiculous,love
i feel poles are most useful in pairs all price and stats in this review are for two poles,joy
i really appreciate his protectiveness and slight jealousy over my attention it makes me feel valued,joy
i still feel innocent and small,joy
i feel affectionate toward the friends ive made online and admire their spirits and talents,love
i am small people think i should feel amazing in a bathing suit,joy
i feel really contented just listening to the song,joy
i did sleep last night however but woke up at am feeling splendid other than sniffles and itchy throat and just wasnt sure how i could be so awake,joy
i wish i could say hey you know if i died tomorrow i wouldnt feel cheated on life or regretful that i didnt accomplish something,sadness
i do my best to remain cordial and express what is authentic the real love and gratitude i feel for a devoted father and the nostalgia i feel towards someone i had selected as a life partner as exemplified by an unforgettable blowout wedding at the a href http www,love
i feel so unimportant insignificant like im slipping through the gaps between his fingers and he doesnt care,sadness
i feel crappy actually,sadness
i feel petty even though the thoughts arent real fleshed out thoughts just these fluttering i should feel like this kind of thoughts,anger
i feel greedy but too idealistic what is it to expect she would want you to talk to me your proported best friend that she might be happy you have me,anger
i am especially interested in hearing your thoughts or perspective on what you read about how men and women feel respected or lived,joy
i feel like this because i start being naughty in order to validate my existance,love
i know what it feels like to face irate customers,anger
i feel like i am meant to partner up be supportive lend a hand or a heart and yet i resent this feeling,love
i just got really crunk about a situation and now i feel like i have to write to calm down lol,joy
